app_id,genres,tags,review_score,owners_midpoint
204180,"Adventure, Indie, Strategy","2D, Action, Adventure, Arcade, Atmospheric, Casual, Difficult, Fantasy, Great Soundtrack, Indie, Puzzle, Rhythm, Sci-fi, Shoot 'Em Up, Singleplayer, Space, Strategy",8.0,350000.0
220740,"Adventure, Indie","2D, Adventure, Atmospheric, Classic, Comedy, Dark Humor, Escape Room, Funny, Great Soundtrack, Hand-drawn, Indie, Point & Click, Puzzle, Retro, Sci-fi, Singleplayer, Steampunk, Story Rich",8.0,750000.0
241910,"Adventure, Indie","1990's, 2D, Adventure, Classic, Comedy, Cult Classic, Escape Room, Funny, Great Soundtrack, Hand-drawn, Indie, Nudity, Point & Click, Puzzle, Retro, Sexual Content, Singleplayer, Steampunk, Story Rich",8.0,750000.0
292500,"Action, Adventure, Indie","2D, Action, Adventure, Arcade, Classic, Controller, Difficult, Fantasy, Great Soundtrack, Indie, Pixel Graphics, Platformer, Retro, Satire, Shoot 'Em Up, Shooter, Side Scroller, Silent Protagonist, Singleplayer, Soundtrack",8.0,350000.0
301190,"Action, Casual, Indie","Action, Casual, Comedy, Great Soundtrack, Indie, Music, Rhythm, Singleplayer, Touch-Friendly",8.0,150000.0
303260,"Action, Adventure, Indie","Action, Adventure, Co-op, Indie, Local Co-Op, Metroidvania, Platformer",5.0,35000.0
305500,"Action, Indie, RPG","Action, Indie, RPG, Zombies",5.0,75000.0
305800,"Action, Indie","Action, Experimental, Great Soundtrack, Indie, Pixel Graphics, Psychedelic, Retro, Short",5.0,10000.0
336160,"Action, Indie","2D, Action, Indie, Pixel Graphics, Twin Stick Shooter",7.0,35000.0
345580,"Action, Indie, Simulation, Strategy","3D, Action, Artificial Intelligence, Building, Combat, Exploration, Flight, Futuristic, Indie, Massively Multiplayer, Multiplayer, Open World, Sandbox, Sci-fi, Simulation, Singleplayer, Space, Space Sim, Strategy, Survival",5.0,75000.0
352030,"Action, Adventure, Indie, RPG","Action, Adventure, Indie, RPG",6.0,10000.0
352750,"Casual, Indie, Simulation, Strategy","Casual, Indie, Simulation, Strategy",4.0,10000.0
365320,Indie,"Atmospheric, Horror, Indie, Sci-fi, Stealth, Survival Horror",5.0,10000.0
370590,"Action, Casual, Indie","Action, Casual, Free to Play, Indie, Multiplayer",5.0,35000.0
374170,"Action, Casual, Early Access, Indie","Action, Casual, Early Access, Indie, Sniper",5.0,10000.0
414730,"Adventure, Casual, Free To Play, Indie","Adventure, Anime, Casual, Clicker, Free to Play, Indie, Multiplayer, Singleplayer",5.0,150000.0
432330,Audio Production,"Audio Production, Indie",6.0,10000.0
435070,"Adventure, Indie","Adventure, Indie, Point & Click",5.0,35000.0
444430,"Action, Casual","2D, Action, Adventure, Casual, Character Action Game, Difficult, Education, Family Friendly, Female Protagonist, Historical, Indie, Linear, Mythology, Shoot 'Em Up, Singleplayer, Story Rich, Third Person, Third-Person Shooter, Tutorial, Violent",6.0,75000.0
467400,"Action, Indie, Simulation","3D, Action, Cold War, Dinosaurs, Education, Exploration, Flight, Historical, Immersive Sim, Indie, Physics, Psychological Horror, PvE, Realistic, Retro, Sci-fi, Simulation, Space, Space Sim, VR",8.0,10000.0
485230,"Casual, Indie","Casual, Indie, VR",6.0,35000.0
485430,"Early Access, Gore, Indie, Violent","Arcade, Early Access, Gore, Indie, Platformer, Violent",6.0,10000.0
495980,"Action, Adventure, Casual, Indie","2.5D, Action, Adventure, Atmospheric, Casual, Dark, Design & Illustration, Dystopian, Female Protagonist, Great Soundtrack, Horror, Indie, Mystery, Platformer, Psychological Horror, Puzzle, Puzzle Platformer, Short, Singleplayer, Story Rich",6.0,35000.0
500340,"Action, Indie","1980s, 2D, Abstract, Action, Arcade, Atmospheric, Collectathon, Colorful, Cute, Family Friendly, Flight, Indie, Old School, Pixel Graphics, Psychedelic, Retro, Score Attack, Short, Singleplayer, Surreal",6.0,10000.0
503680,"Action, Early Access, Indie","Action, Early Access, Indie, Puzzle, Stealth, Top-Down",6.0,35000.0
509800,"Adventure, Casual, Free To Play, Indie, Nudity","Adventure, Casual, Free to Play, Horror, Indie, Nudity, Psychological Horror, Sexual Content, Visual Novel",5.0,75000.0
513210,"Action, Adventure, Casual, Early Access, Free To Play, Indie","Action, Action-Adventure, Adventure, Casual, Controller, Cute, Early Access, Education, Family Friendly, Free to Play, Indie, Singleplayer",6.0,10000.0
516010,"Casual, Indie, Strategy","Casual, Chess, Indie, Strategy, Tabletop",7.0,10000.0
517160,"Casual, Indie, Simulation","Casual, Horror, Indie, Psychological Horror, Simulation, VR",8.0,75000.0
519140,"Action, Adventure, Free To Play, Indie","Action, Adventure, Anime, Atmospheric, Co-op, Experimental, FPS, First-Person, Free to Play, Horror, Indie, Multiplayer, Online Co-Op, Psychological Horror, Singleplayer, Survival Horror, Thriller",6.0,350000.0
522000,"Action, Indie","Action, Indie",0.0,10000.0
527810,"Action, Indie","Action, Classic, Difficult, Female Protagonist, Indie, Pixel Graphics, Platformer, Retro, Singleplayer",5.0,75000.0
529820,"Action, Indie","Action, Indie, VR",5.0,10000.0
530020,"Action, Adventure, Indie, RPG","Action, Action RPG, Action-Adventure, Adventure, Atmospheric, Colorful, Cute, Exploration, Family Friendly, Fantasy, Funny, Great Soundtrack, Indie, Isometric, Puzzle, RPG, Retro, Singleplayer, Story Rich, Top-Down",6.0,75000.0
535440,"Action, Free To Play, Indie, Massively Multiplayer","Action, Free to Play, Indie, Massively Multiplayer",4.0,10000.0
537920,"Action, Early Access, Indie, Violent","Action, Early Access, Indie, VR, Violent",0.0,10000.0
556310,"Casual, Indie, Strategy","Casual, Indie, Strategy",5.0,10000.0
564210,"Action, Indie, Massively Multiplayer","3D, Action, Arcade, Arena Shooter, Beautiful, Bullet Time, Colorful, Cute, Dark Humor, Hand-drawn, Indie, Massively Multiplayer, Naval, PvE, Racing, Spectacle fighter, Sports, Survival, Top-Down Shooter, eSports",5.0,75000.0
569800,"Adventure, Indie","Adventure, Indie, Point & Click, Puzzle, Singleplayer, Surreal",6.0,150000.0
572890,"Action, Adventure, Casual, Indie","2D, Action, Adventure, Casual, Co-op, Colorful, Comedy, Cute, Dystopian, Exploration, Family Friendly, Funny, Great Soundtrack, Indie, Local Co-Op, Multiplayer, Platformer, Puzzle, Puzzle Platformer, Singleplayer",9.0,750000.0
590590,"Action, Adventure, Casual, Indie, Racing","2D, Action, Action-Adventure, Adventure, Arcade, Casual, Controller, Difficult, Fast-Paced, Great Soundtrack, Indie, Level Editor, Music, Pixel Graphics, Platformer, Precision Platformer, Racing, Replay Value, Side Scroller, Time Attack",8.0,35000.0
596260,"Action, Indie","Action, Co-op, Indie, Logic, Puzzle, Puzzle Platformer",0.0,10000.0
601500,"Adventure, Early Access, Indie, RPG, Simulation","Adventure, Early Access, Indie, RPG, Simulation",5.0,10000.0
603840,"Action, Adventure, Indie","Action, Adventure, Indie, Platformer",6.0,10000.0
628530,"Indie, Simulation, Sports","Indie, Simulation, Sports, Tennis, VR",6.0,10000.0
633320,"Casual, Free To Play, Indie, Simulation","Casual, Free to Play, Indie, Simulation, VR",5.0,10000.0
635040,"Action, Indie, Simulation","Action, Indie, Simulation, VR",5.0,10000.0
643970,"Action, Adventure, Indie","Action, Adventure, Aliens, Atmospheric, Casual, Exploration, FPS, First-Person, Horror, Indie, Sci-fi, Shooter, Simulation, Singleplayer, Space, Survival",5.0,10000.0
668790,"Action, Casual, Indie, Massively Multiplayer","Action, Casual, Character Customization, Co-op, Great Soundtrack, Hack and Slash, Indie, Massively Multiplayer, Shoot 'Em Up, Survival, Top-Down Shooter, Zombies",7.0,10000.0
668970,"Action, Adventure, Indie","2D, Action, Action-Adventure, Adventure, Arcade, Atmospheric, Difficult, Indie, Music, Pixel Graphics, Replay Value, Retro, Runner, Sci-fi, Shooter, Singleplayer, Space, Top-Down, Top-Down Shooter, Tutorial",7.0,10000.0
670410,"Action, Indie","Action, Indie, Metroidvania, Retro",5.0,10000.0
670780,"Action, Gore, Indie, Violent","Action, Co-op, Gore, Indie, Third-Person Shooter, Violent",5.0,10000.0
673010,"Adventure, Casual, Indie","2D, Adventure, Casual, Great Soundtrack, Hand-drawn, Indie, Platformer",5.0,10000.0
680450,"Action, Casual, Indie","Action, Casual, Indie",0.0,10000.0
698230,"Action, Indie, Strategy","Action, Indie, Space, Strategy",0.0,10000.0
698740,"Action, Casual, Free To Play, Gore, Indie, Sexual Content, Violent","Action, Arena Shooter, Casual, Early Access, FPS, Free to Play, Funny, Gore, Indie, Multiplayer, Sexual Content, Shooter, Violent",5.0,10000.0
700060,"Early Access, Indie, Simulation, Strategy","Base Building, Building, Crafting, Early Access, Economy, Funny, Indie, Management, Physics, Pixel Graphics, Replay Value, Resource Management, Sandbox, Sci-fi, Science, Simulation, Singleplayer, Space, Space Sim, Strategy",3.0,35000.0
704910,"Action, Casual","2D, Action, Anime, Arcade, Bullet Hell, Casual, Cute, Dark Fantasy, Fantasy, Female Protagonist, Hentai, Indie, Mature, Nudity, Pixel Graphics, Psychological Horror, Sexual Content, Shoot 'Em Up, Singleplayer, Violent",8.0,10000.0
721990,"Action, Indie","Action, Co-op, Indie, Roguelike, Roguelite, Top-Down Shooter, Zombies",0.0,10000.0
724000,"Action, Indie","3D, Action, Action Roguelike, Arcade, Arena Shooter, Bullet Hell, Difficult, Futuristic, Mechs, Post-apocalyptic, Procedural Generation, Robots, Roguelite, Sci-fi, Shoot 'Em Up, Shooter, Singleplayer, Top-Down, Top-Down Shooter, Twin Stick Shooter",6.0,75000.0
724120,"Action, Casual, Indie","Action, Casual, Co-op, Indie, Multiplayer, Online Co-Op, Shooter, Third Person, Third-Person Shooter",7.0,10000.0
733520,"Casual, Indie, Strategy","Casual, Education, Indie, Puzzle, Resource Management, Strategy, Transportation",7.0,10000.0
733570,"Adventure, Indie, RPG","Adventure, Indie, RPG",5.0,10000.0
738130,"Action, Indie","Action, Indie",0.0,10000.0
740150,Indie,,5.0,10000.0
749890,"Adventure, Casual, Indie","2D, Action-Adventure, Adventure, Anime, Atmospheric, Casual, Dark, Dark Fantasy, Exploration, Fantasy, Horror, Indie, Pixel Graphics, Psychological Horror, RPG, RPGMaker, Singleplayer, Story Rich, Surreal, Violent",8.0,10000.0
761320,"Action, Adventure, Casual, Indie","2D, Action, Adventure, Casual, Indie, Pixel Graphics, Platformer, Retro",8.0,10000.0
765100,"Casual, Indie","2D, Board Game, Casual, Great Soundtrack, Indie, Psychological Horror, Puzzle, Puzzle Platformer, Singleplayer, Tutorial",6.0,35000.0
772270,"Action, Adventure, Indie, Massively Multiplayer, RPG","Action, Adventure, Indie, Massively Multiplayer, RPG",8.0,10000.0
775850,"Casual, Free To Play, Indie, Simulation","3D, Arcade, Casual, Controller, Free to Play, Indie, Pinball, Sci-fi, Sexual Content, Shooter, Simulation, Singleplayer, Space, Top-Down Shooter, VR",5.0,75000.0
778580,"Action, Adventure, Indie","Action, Adventure, Indie, Puzzle",7.0,10000.0
793280,"Action, Indie","Action, Arena Shooter, FPS, Indie, Local Multiplayer, Multiplayer, Third-Person Shooter",0.0,10000.0
795920,"Action, Casual, Indie","1980s, 2D, Action, Arcade, Beat 'em up, Casual, Combat, Controller, Hero Shooter, Indie, Retro, Shooter, Side Scroller, Singleplayer, Space",6.0,10000.0
809380,"Casual, Indie, RPG","Casual, Indie, RPG",7.0,10000.0
823170,"Action, Adventure, Casual, Indie",,0.0,10000.0
827450,"Action, Indie","Action, Indie",5.0,10000.0
831740,"Action, Adventure, Casual, Indie","2D, Action, Adventure, Casual, Co-op, Difficult, Gore, Indie, Platformer, Split Screen",5.0,10000.0
833690,"Casual, Indie","Casual, Indie",0.0,10000.0
863500,"Early Access, Indie, RPG, Simulation, Strategy","Atmospheric, Choices Matter, Drama, Dynamic Narration, Early Access, Emotional, Historical, Indie, Management, Psychological, RPG, Simulation, Singleplayer, Story Rich, Strategy, Stylized, Survival, Turn-Based, War, World War I",8.0,10000.0
887160,"Adventure, Indie","Adventure, Female Protagonist, Indie, RPGMaker",8.0,10000.0
894570,"Action, Casual, Indie","1990's, 2D, 2D Platformer, Action, Adventure, Arcade, Atmospheric, Casual, Indie, Puzzle, Puzzle Platformer, Remake, Retro, Singleplayer, Stylized",7.0,10000.0
895180,"Action, Indie","Action, Indie",0.0,10000.0
907350,"Adventure, Casual, Free To Play, Indie","Adventure, Anime, Cartoon, Casual, Choices Matter, Comedy, Cute, Drama, Female Protagonist, Free to Play, Funny, Indie, Multiple Endings, Sequel, Sexual Content, Simulation, Singleplayer, Story Rich, Violent, Visual Novel",6.0,10000.0
915480,"Adventure, Indie, RPG, Strategy","Adventure, Indie, RPG, Strategy",0.0,10000.0
923600,"Adventure, Indie",,0.0,10000.0
929540,"Action, Adventure, Casual, Early Access, Free To Play, Indie, Massively Multiplayer","3D, 3D Fighter, Action, Action-Adventure, Adventure, Arcade, Building, Casual, Early Access, Exploration, FPS, Indie, Multiplayer, Open World, Pixel Graphics, Sandbox, Shooter, Spectacle fighter, Violent, Voxel",0.0,10000.0
931150,"Casual, Indie, Simulation, Strategy","3D, 3D Vision, Board Game, Building, Card Game, Casual, City Builder, Economy, First-Person, Indie, Multiplayer, Puzzle Platformer, Real Time Tactics, Simulation, Strategy, Tabletop, Trading Card Game, Turn-Based Tactics, VR, Walking Simulator",0.0,10000.0
944740,"Action, Adventure, Indie, RPG","Action, Adventure, Indie, RPG, VR",5.0,10000.0
947470,"Casual, Indie, Strategy","Casual, Indie, Puzzle, Strategy",0.0,10000.0
978610,"Action, Adventure, Casual, Early Access, Indie, Massively Multiplayer, RPG, Simulation, Strategy","Action, Adventure, Atmospheric, Casual, Early Access, Experimental, Exploration, Horror, Indie, Massively Multiplayer, Open World, Post-apocalyptic, RPG, Sci-fi, Sequel, Simulation, Singleplayer, Strategy, Survival Horror, Zombies",3.0,10000.0
992120,"Action, Casual, Indie","Action, Casual, Indie",8.0,10000.0
997270,"Adventure, Indie, Simulation, Strategy","Adventure, Indie, Simulation, Strategy",0.0,10000.0
999290,"Adventure, Casual, Indie, RPG, Simulation, Strategy","Adventure, Anime, Casual, Female Protagonist, Great Soundtrack, Hentai, Indie, Nudity, Puzzle, RPG, Relaxing, Sexual Content, Simulation, Strategy",7.0,10000.0
1005420,"Action, Adventure, Indie","Action, Adventure, Gore, Horror, Indie, Violent",5.0,10000.0
1008870,"Action, Indie","2.5D, Action, Cyberpunk, Difficult, FPS, First-Person, GameMaker, Indie, Pixel Graphics, Retro, Robots, Shooter",5.0,10000.0
1021290,"Action, Indie, Racing, Simulation","Action, Indie, Racing, Simulation",0.0,10000.0
1031980,Indie,,0.0,10000.0
1032440,"Casual, Indie","2D, 4 Player Local, Casual, Colorful, Controller, Cute, Family Friendly, Indie, Local Multiplayer, Minimalist",0.0,10000.0
1032740,"Indie, Simulation","Anime, Indie, Nudity, Sexual Content, Simulation",7.0,10000.0
1034060,"Action, Adventure, Indie","Action, Adventure, Atmospheric, FPS, First-Person, Gore, Horror, Indie, Roguelike, Survival Horror, Violent",6.0,10000.0
1046040,"Action, Casual, Indie","2D, 2D Fighter, 2D Platformer, Action, Arena Shooter, Bullet Hell, Cartoony, Casual, Class-Based, Colorful, Combat, Cute, Family Friendly, Fighting, Magic, Multiplayer, Platformer, PvP, Side Scroller, eSports",0.0,10000.0
1046980,Action,"2D, Action, Arcade, Great Soundtrack, Indie, Pixel Graphics, Shoot 'Em Up",5.0,10000.0
1054770,"Casual, Indie, Strategy","2D, Casual, Indie, Puzzle, Strategy",7.0,10000.0
1062210,Indie,"2D, Colorful, Difficult, Gore, Indie, Platformer",0.0,10000.0
1069850,"Action, Casual, Indie, Strategy","2D, Action, Adventure, Anime, Arcade, Casual, Comedy, Exploration, Hentai, Indie, Mature, NSFW, Nudity, Puzzle, Remake, Sexual Content, Simulation, Singleplayer, Sports, Strategy",8.0,10000.0
1074250,"Action, Adventure, Casual, Indie","Action, Adventure, Casual, Gore, Indie",0.0,10000.0
1078510,"Adventure, Casual, RPG","Adventure, Atmospheric, Card Game, Casual, Character Customization, Choices Matter, Choose Your Own Adventure, Comedy, Dungeon Crawler, Dungeons & Dragons, Exploration, Hand-drawn, Indie, Metroidvania, Procedural Generation, RPG, Roguelike, Roguelite, Singleplayer, Story Rich",8.0,10000.0
1089810,"Adventure, Casual, Indie","Adventure, Casual, Indie, RPGMaker",5.0,35000.0
1091890,"Action, Adventure, Indie","3D Platformer, Action, Adventure, Arena Shooter, Building, Competitive, First-Person, Gore, Indie, Multiplayer, Online Co-Op, Puzzle, Puzzle Platformer, PvP, Sci-fi, Shooter, Singleplayer, Third-Person Shooter, Violent",0.0,10000.0
1095070,"Adventure, Indie","Adventure, First-Person, Indie, Logic, Puzzle",5.0,10000.0
1097470,"Action, Adventure, Casual, Indie, Simulation","Action, Adventure, Casual, Indie, Simulation",0.0,10000.0
1100160,"Action, Indie","2D, Action, Anime, Arcade, Bullet Hell, Difficult, Faith, Female Protagonist, Great Soundtrack, Indie, Shoot 'Em Up, Singleplayer",8.0,75000.0
1105740,"Indie, RPG","Artificial Intelligence, Early Access, Indie, RPG, Turn-Based Combat",6.0,10000.0
1113290,"Indie, Simulation, Strategy","1980s, 2D, Atmospheric, Board Game, Card Game, Choices Matter, Collectathon, First-Person, Indie, Pixel Graphics, Real Time Tactics, Retro, Simulation, Singleplayer, Strategy, Tabletop, Top-Down",0.0,10000.0
1117090,"Casual, Indie, Simulation","2D, Cartoony, Casual, Character Customization, Cute, Dating Sim, Family Friendly, Horror, Indie, LGBTQ+, Logic, Old School, Psychological Horror, Puzzle, Relaxing, Retro, Simulation, Singleplayer, Solitaire, Souls-like",8.0,75000.0
1121170,"Adventure, Indie","1990's, 2D, Action-Adventure, Adventure, Atmospheric, Dark, Exploration, Hidden Object, Immersive Sim, Modern, Multiple Endings, Mystery, Philosophical, Pixel Graphics, Psychedelic, Psychological, Retro, Singleplayer, Top-Down, Walking Simulator",0.0,10000.0
1130560,"Action, Adventure, Casual, Early Access, Indie, RPG, Simulation","Action, Adventure, Casual, Colorful, Crafting, Cute, Early Access, Economy, Experimental, Fantasy, Indie, Management, RPG, Relaxing, Simulation, Singleplayer, Trading, VR",5.0,10000.0
1131740,"Adventure, Casual, Indie, RPG","1990's, Adventure, Anime, Atmospheric, Casual, Cinematic, Conversation, Drama, First-Person, Indie, Linear, Lore-Rich, Mystery, Narration, Procedural Generation, Psychological Horror, Sci-fi, Story Rich, Stylized, Visual Novel",8.0,75000.0
1134190,"Action, Indie","Action, Arcade, Indie, Shoot 'Em Up",0.0,10000.0
1142530,"Adventure, Casual, Free To Play, Indie","2D, Adventure, Arcade, Casual, Clicker, Dog, Free to Play, Indie, Singleplayer",5.0,10000.0
1142560,"Indie, RPG, Simulation, Strategy","Indie, RPG, Simulation, Strategy",0.0,10000.0
1152620,"Action, Indie","3D, Action, Casual, First-Person, Free to Play, Indie, Shooter, Sniper",5.0,10000.0
1163470,Indie,"2D, Casual, Indie, Puzzle, Singleplayer, Sokoban",0.0,10000.0
1164390,"Casual, Free To Play, Indie","Casual, First-Person, Free to Play, Horror, Indie, Multiplayer, Singleplayer, Violent",6.0,150000.0
1168870,"Action, Indie, RPG","Action, Adventure, Co-op, Crafting, Difficult, Early Access, Exploration, Fantasy, Hack and Slash, Indie, Multiplayer, Online Co-Op, Open World, Pixel Graphics, Platformer, RPG, Roguelike, Sandbox, Survival, Survival Horror",5.0,75000.0
1174200,"Action, Adventure, Indie, Strategy","Action, Adventure, Indie, Strategy",0.0,10000.0
1178510,"Casual, Indie, Simulation, Strategy","Board Game, Card Game, Casual, Classic, Cult Classic, Family Friendly, Indie, Local Multiplayer, Multiplayer, Relaxing, Replay Value, Simulation, Singleplayer, Strategy, Tabletop",6.0,10000.0
1185570,"Casual, Indie, Strategy","Casual, Indie, Strategy",0.0,10000.0
1195270,,"Action, Game Development, GameMaker, Indie, RPG",6.0,10000.0
1206040,Indie,"2D, Action, Anime, Arcade, Casual, Colorful, Cute, Difficult, Family Friendly, Fast-Paced, Funny, LGBTQ+, Linear, Music, Music-Based Procedural Generation, Pixel Graphics, Rhythm, Runner, Singleplayer, Stylized",0.0,10000.0
1206270,"Action, Casual, Indie","Action, Casual, Indie, Puzzle, Retro",0.0,10000.0
1221070,"Action, Adventure, Indie, Massively Multiplayer, Sports","Action, Action-Adventure, Adventure, Aliens, Co-op, Indie, Local Co-Op, Local Multiplayer, Massively Multiplayer, Multiplayer, PvP, Realistic, Singleplayer, Split Screen, Sports, Third Person, Third-Person Shooter",0.0,10000.0
1241390,"Action, Adventure, Indie, RPG, Simulation","3D, Action, Adventure, Atmospheric, Cinematic, Combat, Exploration, First-Person, Flight, Horror, Immersive Sim, Lore-Rich, Lovecraftian, Narration, Psychological Horror, Simulation, Singleplayer, Space, Space Sim, Vehicular Combat",0.0,10000.0
1246250,"Adventure, Casual, Indie","Adventure, Casual, Collectathon, Colorful, Comedy, Conversation, Cute, Dog, Emotional, Exploration, Family Friendly, Fantasy, First-Person, Funny, Sandbox, Story Rich, Stylized, Surreal, Visual Novel, Walking Simulator",8.0,10000.0
1248800,"Indie, RPG, Simulation, Strategy","2.5D, 2D, Adventure, Base Building, Building, Crafting, Early Access, Hunting, Indie, Inventory Management, Open World Survival Craft, Post-apocalyptic, RPG, Resource Management, Roguelike, Sci-fi, Simulation, Singleplayer, Strategy, Survival",5.0,75000.0
1253860,"Indie, RPG, Strategy","2D, Atmospheric, Card Battler, Card Game, Casual, Deckbuilding, Difficult, Dungeon Crawler, Fantasy, Indie, Lovecraftian, Mouse only, RPG, Replay Value, Roguelike, Roguelike Deckbuilder, Roguelite, Singleplayer, Strategy, Turn-Based",5.0,10000.0
1254390,"Action, Indie","Action, Action RPG, Controller, Early Access, Indie, Roguelite, Sci-fi, Singleplayer, Top-Down, Top-Down Shooter, Violent",0.0,10000.0
1263700,"Action, Adventure, Indie","Action, Adventure, Atmospheric, Dark, Exploration, First-Person, Horror, Indie, Puzzle, Short, Singleplayer, Stealth, Survival Horror, Walking Simulator",5.0,10000.0
1264050,"Adventure, Casual","3D Platformer, Adventure, Artificial Intelligence, Cartoony, Casual, Exploration, Female Protagonist, First-Person, Futuristic, Hand-drawn, Indie, Linear, Narration, Puzzle, Puzzle Platformer, Sci-fi, Singleplayer, Story Rich, Stylized, VR",7.0,35000.0
1267470,"Indie, Strategy","3D Vision, Base Building, Card Game, Cartoon, Cute, Historical, Indie, Magic, Mythology, Resource Management, Roguelike, Roguelite, Singleplayer, Strategy, Tactical, Tactical RPG, Turn-Based Combat, Turn-Based Strategy, Turn-Based Tactics, Wargame",6.0,350000.0
1274180,Indie,"Aliens, Indie, Sci-fi, Strategy, Tower Defense",0.0,10000.0
1289510,Indie,"3D, Abstract, Cartoony, Indie, Puzzle",0.0,10000.0
1290040,"Adventure, Indie","2D, 2D Platformer, Adventure, Dark, Fast-Paced, Indie, Lore-Rich, Minimalist, Multiple Endings, Mystery, Nonlinear, Replay Value, Side Scroller, Singleplayer, Soundtrack",0.0,10000.0
1303010,"Action, Early Access, Indie, Simulation","3D, Action, Arcade, Combat, Early Access, Fighting, Flight, Indie, Military, PvE, Realistic, Shooter, Simulation, Singleplayer, Third Person, Vehicular Combat, War, Wargame, World War II",8.0,10000.0
1342270,"Casual, Indie","3D, Card Game, Casual, Choices Matter, Family Friendly, Fantasy, Funny, Indie, Puzzle, Relaxing, Singleplayer, Solitaire, Stylized, Tabletop",7.0,75000.0
1355790,"Adventure, Indie","Adventure, Atmospheric, Choices Matter, Choose Your Own Adventure, Conspiracy, Crime, Cyberpunk, Female Protagonist, Hacking, Indie, Interactive Fiction, Investigation, Mystery, Narration, Narrative, Psychological, Sci-fi, Singleplayer, Story Rich, Visual Novel",0.0,10000.0
1361500,"Adventure, Casual, Indie, RPG, Simulation","2D, 2D Fighter, Adventure, Casual, Clicker, Hentai, Idler, Indie, Logic, Management, Match 3, Nudity, Puzzle, RPG, Romance, Sandbox, Sexual Content, Simulation, Singleplayer, Strategy",6.0,10000.0
1363120,"Adventure, Free To Play, Indie, Massively Multiplayer, RPG","Adventure, Bullet Hell, Co-op, Fantasy, Free to Play, Indie, MMORPG, Massively Multiplayer, Old School, Online Co-Op, Open World, Perma Death, Pixel Graphics, Procedural Generation, RPG, Roguelike, Roguelite, Survival, Top-Down Shooter",0.0,10000.0
1366840,"Adventure, Casual, Early Access, Indie, Simulation, Strategy","3D, Adventure, Agriculture, Beautiful, Casual, City Builder, Colony Sim, Early Access, Family Friendly, Farming Sim, First-Person, Futuristic, Management, Mars, Realistic, Relaxing, Sandbox, Simulation, Strategy, Stylized",0.0,10000.0
1369430,"Action, Adventure, Indie, RPG","2D, Action, Action RPG, Action-Adventure, Atmospheric, Choices Matter, Combat, Dark Fantasy, Difficult, Exploration, Indie, Lore-Rich, Metroidvania, Platformer, RPG, Side Scroller, Singleplayer, Souls-like, Story Rich, Third Person",0.0,10000.0
1383060,"Action, Indie","2D, Action, Arcade, Atmospheric, Bullet Hell, Bullet Time, Casual, Combat, Dungeon Crawler, Fast-Paced, Indie, Linear, Minimalist, Sci-fi, Singleplayer, Top-Down, Twin Stick Shooter",0.0,10000.0
1387510,"Action, Free To Play, Indie","3D, Action, Artificial Intelligence, Cold War, Combat, FPS, First-Person, Free to Play, Gore, Indie, Inventory Management, Military, Modern, Multiplayer, Realistic, Shooter, Singleplayer, Violent, War",6.0,35000.0
1389200,"Casual, Indie","2D, Action Roguelike, Casual, Cute, Dungeon Crawler, Exploration, Fantasy, Grid-Based Movement, Indie, Pixel Graphics, Puzzle, Roguelike, Roguelite, Singleplayer, Sokoban, Top-Down, Turn-Based Tactics",8.0,10000.0
1428180,"Adventure, Casual, Indie","3D, 3D Platformer, Adventure, Casual, Demons, First-Person, God Game, Horror, Indie, Open World, Puzzle, Singleplayer, Supernatural, Zombies",0.0,10000.0
1428600,"Action, Adventure, Indie, RPG","Action RPG, Adventure, Assassin, Atmospheric, Character Customization, Choices Matter, Choose Your Own Adventure, Combat, Dark, Demons, Fantasy, Magic, Medieval, Multiple Endings, Open World, RPG, Singleplayer, Story Rich, Third Person, War",0.0,10000.0
1433950,"Casual, Indie, Racing, Sports","2D, 2D Platformer, Cartoon, Casual, Character Action Game, Character Customization, Colorful, Cute, Family Friendly, Indie, Nature, Old School, Physics, Racing, Retro, Runner, Sequel, Singleplayer, Sports, Strategy RPG",8.0,35000.0
1435900,"Action, Adventure, Indie, Racing, Simulation","Action, Adventure, America, Automobile Sim, Building, Casual, First-Person, Immersive Sim, Indie, Multiplayer, Open World, Open World Survival Craft, Racing, Simulation, Singleplayer, Survival",0.0,10000.0
1440130,"Adventure, Casual, Indie","3D, Adventure, Casual, Cinematic, Cyberpunk, Detective, Escape Room, Exploration, First-Person, Futuristic, Hidden Object, Indie, Logic, Old School, Point & Click, Puzzle, Sci-fi, Singleplayer",5.0,35000.0
1441790,"Adventure, Casual, Indie, Simulation","2D, 2D Platformer, Adventure, Atmospheric, Casual, Choices Matter, Exploration, Family Friendly, Indie, Loot, Minimalist, Mining, Open World, Platformer, Procedural Generation, Relaxing, Sandbox, Simulation, Singleplayer, Underground",8.0,35000.0
1442410,"Action, Casual, Free To Play, Indie","1980s, 4 Player Local, Action, Arcade, Casual, Character Customization, Co-op, Difficult, Family Friendly, Local Co-Op, Local Multiplayer, Old School, Pixel Graphics, Replay Value, Retro, Rhythm, Score Attack, Singleplayer, Soundtrack, Team-Based",7.0,35000.0
1446690,"Casual, Indie","2D, Casual, Education, Indie, Linear, Management, Minimalist, Moddable, Point & Click, Puzzle, Science, Singleplayer, Text-Based, Tutorial, Word Game",5.0,10000.0
1450180,"Action, Adventure, Indie","Action, Adventure, Artificial Intelligence, Atmospheric, Cinematic, Co-op, Co-op Campaign, Dark, Early Access, First-Person, Horror, Multiplayer, Mystery, Online Co-Op, Psychological, Psychological Horror, Stealth, Supernatural, Survival Horror, Thriller",5.0,150000.0
1450730,"Action, Adventure, Indie","2D, 2D Platformer, 4 Player Local, Action, Action-Adventure, Adventure, Atmospheric, Cartoon, Cartoony, Cats, Collectathon, Controller, Indie, Local Multiplayer, Noir, Platformer, Puzzle, Puzzle Platformer, PvE, Singleplayer",0.0,10000.0
1457160,"Action, Adventure, Indie, RPG, Strategy","1980s, Action, Adventure, Choices Matter, Cinematic, Detective, First-Person, Gore, Horror, Indie, Investigation, Lovecraftian, Multiple Endings, Puzzle, RPG, Singleplayer, Story Rich, Strategy, Stylized, Violent",0.0,10000.0
1460090,"Adventure, Free To Play, Indie, RPG, Simulation, Strategy","2D, Adventure, Atmospheric, Choices Matter, Choose Your Own Adventure, Conversation, Dark Fantasy, Diplomacy, Fantasy, Gothic, Interactive Fiction, Management, Medieval, Multiple Endings, RPG, Simulation, Story Rich, Strategy, Text-Based, Visual Novel",9.0,350000.0
1466400,"Action, Adventure, Indie","2D, Action, Action Roguelike, Action-Adventure, Aliens, Atmospheric, Bullet Hell, Controller, Dark, Difficult, Hero Shooter, Indie, Pixel Graphics, Roguelike, Sci-fi, Shoot 'Em Up, Shooter, Singleplayer, Top-Down Shooter, Twin Stick Shooter",7.0,10000.0
1470380,"Action, Adventure, Indie","2D, 2D Platformer, Action, Action-Adventure, Arcade, Cartoony, Casual, Colorful, Comedy, Cute, Dark Comedy, Dark Humor, Family Friendly, Linear, Minimalist, Platformer, Puzzle, Puzzle Platformer, Side Scroller, Stealth",6.0,35000.0
1473870,"Action, Casual, Indie, Strategy","2D, Action, Base Building, Blood, Dark, Dark Fantasy, Difficult, Gore, Horror, Lemmings, Medieval, Pixel Graphics, Real Time Tactics, Real-Time with Pause, Resource Management, Roguelite, Singleplayer, Strategy, Tower Defense, Violent",7.0,10000.0
1474940,"Casual, Strategy","Adventure, Casual, Indie, Strategy, Time Management",0.0,10000.0
1480910,"Adventure, Indie","2D, 2D Platformer, Adventure, Comedy, Controller, Linear, Logic, Multiple Endings, Old School, Pixel Graphics, Platformer, Precision Platformer, Psychological Horror, Puzzle, Puzzle Platformer, Short, Side Scroller, Singleplayer, Underground, Zombies",7.0,75000.0
1481000,"Casual, Indie","Abstract, Atmospheric, Casual, Controller, Difficult, Experimental, Indie, Logic, Minimalist, Music, Physics, Procedural Generation, Psychedelic, Puzzle, Relaxing, Replay Value, Singleplayer, Strategy, Stylized, Surreal",7.0,10000.0
1481580,"Action, Adventure, Casual, Free To Play, Indie, Simulation","6DOF, Action, Adventure, Casual, Comedy, FPS, Fantasy, Free to Play, Futuristic, Indie, Music-Based Procedural Generation, PvE, Rhythm, Shooter, Simulation, Singleplayer, VR",5.0,35000.0
1499430,"Indie, Simulation","2D, Agriculture, Atmospheric, Colorful, Drama, Economy, Emotional, Experimental, Farming, Farming Sim, Hand-drawn, Immersive Sim, Life Sim, Philosophical, Pixel Graphics, Relaxing, Resource Management, Simulation, Singleplayer, Time Management",4.0,10000.0
1503430,"Action, Indie","2D, Action, Arcade, Colorful, Cult Classic, Indie, Instrumental Music, Minimalist, Music, Music-Based Procedural Generation, Rhythm, Shoot 'Em Up, Shooter, Singleplayer, Space, Top-Down, Top-Down Shooter, Twin Stick Shooter",7.0,10000.0
1506420,Action,"3D, 3D Platformer, Action, Action-Adventure, Adventure, Anime, Arcade, Casual, Character Action Game, Comedy, Crime, First-Person, Hentai, Indie, Nudity, Shoot 'Em Up, Shooter, Singleplayer, Survival, War",4.0,10000.0
1512300,"Action, Indie, Racing, Sports","3D, Action, Arcade, Artificial Intelligence, Automobile Sim, Character Customization, Colorful, Combat Racing, Driving, Flight, Immersive Sim, Minimalist, Multiplayer, PvP, Racing, Split Screen, Sports, Tactical, Third Person, eSports",5.0,10000.0
1514660,"Casual, Free To Play, Indie, Sports","3D, Arcade, Casual, Free to Play, Indie, Multiplayer, PvP, Sports, Top-Down, Top-Down Shooter",8.0,75000.0
1516120,"Adventure, Indie, RPG","2D, Action RPG, Adventure, CRPG, Character Customization, Choices Matter, Fantasy, Indie, Open World, RPG, RPGMaker, Sci-fi, Singleplayer, Top-Down, Turn-Based Combat, Walking Simulator",0.0,10000.0
1519640,"Adventure, Casual, Indie","2D, 2D Platformer, Adventure, Casual, Cute, Hand-drawn, Logic, Multiple Endings, Nonlinear, Open World, Pixel Graphics, Platformer, Point & Click, Puzzle, Puzzle Platformer, Sci-fi, Side Scroller, Singleplayer, Story Rich, Stylized",8.0,35000.0
1527470,"Action, Early Access, Indie, Simulation","Action, Atmospheric, Bullet Time, Cinematic, Early Access, FPS, Futuristic, Gun Customization, Indie, Open World, Real Time Tactics, Realistic, Shooter, Silent Protagonist, Singleplayer, Spectacle fighter, Stealth, Survival, Tactical, Violent",0.0,10000.0
1532780,"Casual, Indie, Strategy","2D, Abstract, Atmospheric, Casual, Indie, Logic, Minimalist, Mouse only, Physics, Puzzle, Relaxing, Singleplayer, Strategy",7.0,10000.0
1537820,"Adventure, Indie","3D, 3D Platformer, Adventure, Arcade, Cute, Fantasy, Funny, Hidden Object, Indie, Linear, Minimalist, Nature, Platformer, Precision Platformer, Runner, Singleplayer, Story Rich, Surreal, Walking Simulator",6.0,35000.0
1542870,"Action, Casual, Indie","3D, Action, Arcade, Cartoon, Cartoony, Casual, Colorful, Comedy, Funny, Lemmings, Linear, Minimalist, Modern, Physics, Procedural Generation, Puzzle, Relaxing, Stylized, Top-Down, Zombies",0.0,10000.0
1543710,"Action, Adventure, Indie, RPG","2.5D, 2D, Action, Adventure, Atmospheric, Cyberpunk, Exploration, Futuristic, Indie, JRPG, Party-Based RPG, Pixel Graphics, RPG, Retro, Sci-fi, Singleplayer, Soundtrack, Space, Story Rich, Turn-Based Combat",8.0,35000.0
1544570,"Adventure, Free To Play, Indie","2D, Adventure, Cartoon, Cartoony, Comedy, Exploration, Fantasy, Free to Play, Indie, Magic, Medieval, Mystery, Mythology, Nature, Parody, Point & Click, Puzzle, Retro, Story Rich",8.0,150000.0
1552260,"Adventure, Casual, Early Access, Indie, RPG","Adventure, Casual, Early Access, Futuristic, Indie, Interactive Fiction, Lore-Rich, MMORPG, Massively Multiplayer, Old School, RPG, Retro, Roguelike, Sandbox, Sci-fi, Space Sim, Text-Based, Traditional Roguelike",0.0,10000.0
1554700,"Action, Indie","3D, Action, Anime, Cartoon, Cartoony, Colorful, Comedy, Comic Book, Cute, Dark Comedy, Memes, Minimalist, Satire, Shooter, Stylized, Third Person, Third-Person Shooter, War, World War II, Zombies",8.0,75000.0
1576470,"Indie, RPG","2D, Anime, CRPG, Fantasy, Female Protagonist, Indie, JRPG, Old School, Party-Based RPG, Pixel Graphics, RPG, RPGMaker, Retro, Singleplayer, Top-Down, Turn-Based Combat",0.0,35000.0
1587600,"Action, Adventure, Indie","3D, 3D Platformer, Action, Adventure, Atmospheric, Dark, Gore, Horror, Indie, Platformer, Psychological Horror, Puzzle, Puzzle Platformer, Singleplayer, Stealth, Third Person, Violent",0.0,10000.0
1597930,Indie,"2D, 2D Platformer, Indie, Platformer, Puzzle Platformer, Singleplayer",0.0,10000.0
1602510,Strategy,"Action, Adventure, Atmospheric, Gore, Historical, Indie, Military, RTS, Real Time Tactics, Real-Time, Realistic, Simulation, Singleplayer, Strategy, Tactical, Tanks, Violent, War, Wargame, World War I",0.0,10000.0
1606620,"Casual, Indie, Simulation, Strategy","2D, 2D Platformer, Automation, Automobile Sim, Cartoony, Casual, Colorful, Economy, Education, Grand Strategy, Immersive Sim, Life Sim, Minimalist, Real Time Tactics, Realistic, Simulation, Strategy, Time Management, Turn-Based Strategy, Turn-Based Tactics",0.0,10000.0
1608730,"Adventure, Early Access, Indie, RPG","Card Battler, Character Customization, Choices Matter, Choose Your Own Adventure, Conversation, Dragons, Early Access, Interactive Fiction, LGBTQ+, Lore-Rich, Multiple Endings, Narration, Nonlinear, Open World, Post-apocalyptic, RPG, Romance, Surreal, Turn-Based Strategy, Turn-Based Tactics",8.0,10000.0
1610120,"Adventure, Casual, Early Access, Indie, Simulation","3D, Adventure, Atmospheric, Cartoon, Cartoony, Casual, Cinematic, Colorful, Cute, Early Access, Emotional, Exploration, Family Friendly, Idler, Life Sim, Magic, Nature, Simulation, Stylized, Walking Simulator",6.0,10000.0
1614880,"Action, Adventure, Casual, Early Access, Indie, Simulation, Strategy","Action, Adventure, Casual, Combat, Cyberpunk, Early Access, Economy, Futuristic, Immersive Sim, Inventory Management, Realistic, Resource Management, Sci-fi, Simulation, Space, Space Sim, Story Rich, Strategy, Trading, Transportation",0.0,10000.0
1616540,"Early Access, Indie, Simulation","3D, Base Building, Building, Character Customization, Colony Sim, Conversation, Early Access, Exploration, Futuristic, Life Sim, Management, Open World, Political Sim, Procedural Generation, Sandbox, Sci-fi, Simulation, Space, Survival, Top-Down",3.0,10000.0
1623550,"Casual, Indie","2D, Casual, Colorful, Cute, Indie, Puzzle, Singleplayer",0.0,10000.0
1628170,"Indie, Strategy","2D, Alternate History, America, Card Game, Choices Matter, Choose Your Own Adventure, Colorful, Comedy, Dark Humor, Diplomacy, God Game, Life Sim, Memes, Political Sim, Politics, RPG, Simulation, Strategy, Strategy RPG, Text-Based",0.0,10000.0
1640130,"Action, Early Access, Free To Play, Indie","3D, Action, Agriculture, Battle Royale, Early Access, FPS, Loot, Looter Shooter, Magic, Military, Multiplayer, Procedural Generation, PvP, Sci-fi, Shooter, Sniper, Stylized, Tactical, Third Person, Third-Person Shooter",6.0,10000.0
1641240,"Casual, Indie, RPG, Strategy","2D, Auto Battler, Casual, Controller, Exploration, Fantasy, Indie, Linear, Management, Pixel Graphics, PvE, RPG, Retro, Roguelike, Roguelite, Singleplayer, Strategy, Top-Down",8.0,35000.0
1665060,Casual,"Adventure, Casual, Indie, Puzzle, Singleplayer",0.0,10000.0
1676860,"Indie, Simulation, Sports","Character Customization, Choices Matter, Economy, First-Person, Football (Soccer), Immersive Sim, Level Editor, Life Sim, Local Multiplayer, Management, Old School, Open World, Political Sim, PvP, Resource Management, Simulation, Sports, Story Rich, Strategy RPG, Turn-Based Tactics",8.0,10000.0
1687070,"Action, Adventure, Casual, Indie, RPG","2D, 2D Platformer, Action, Adventure, Anime, Casual, Comedy, Drama, Emotional, Indie, Linear, Multiple Endings, Mystery, Old School, RPG, Simulation, Singleplayer, Story Rich, Visual Novel",0.0,10000.0
1691130,"Action, Adventure, Casual, Indie, RPG, Racing, Simulation","Action, Adventure, Automobile Sim, BMX, Bikes, Casual, Cinematic, Cycling, Driving, Immersive Sim, Indie, Motocross, Motorbike, Offroad, Open World, Physics, RPG, Realistic, Simulation, Singleplayer",5.0,10000.0
1703650,"Casual, Indie, Strategy","2D Platformer, Casual, Indie, Minimalist, Procedural Generation, Puzzle, Puzzle Platformer, Singleplayer, Strategy, Tabletop",7.0,10000.0
1728830,"Indie, Simulation","6DOF, First-Person, Flight, Futuristic, Immersive Sim, Indie, Physics, Procedural Generation, Sci-fi, Simulation, Singleplayer, Space, Space Sim, VR",8.0,10000.0
1755350,"Casual, Indie, Simulation","3D, Casual, Character Customization, Comedy, Controller, Cooking, Exploration, Family Friendly, First-Person, Funny, Life Sim, Memes, Multiplayer, Online Co-Op, Physics, Realistic, Resource Management, Sandbox, Simulation, Singleplayer",8.0,10000.0
1757030,"Adventure, Early Access, Indie, RPG, Strategy","3D, Action RPG, Action-Adventure, Character Customization, Choose Your Own Adventure, Early Access, Exploration, Fantasy, Magic, Multiple Endings, Nonlinear, Party-Based RPG, RPG, Strategy, Strategy RPG, Tabletop, Tactical RPG, Turn-Based Combat, Turn-Based Strategy, Turn-Based Tactics",0.0,10000.0
1760140,"Adventure, Indie, RPG","2D, Adventure, Anime, Choices Matter, Choose Your Own Adventure, Comedy, Conversation, Cute, Drama, Emotional, Horror, Multiple Endings, Mystery, Point & Click, RPG, RPGMaker, Singleplayer, Story Rich, Supernatural, Visual Novel",7.0,10000.0
1764570,"Action, Adventure, Indie","3D, Action, Action-Adventure, Adventure, Dark, Exploration, FPS, Female Protagonist, First-Person, Futuristic, Gore, Indie, Open World, Post-apocalyptic, Sci-fi, Shooter, Singleplayer, Stealth, Story Rich, Third Person",0.0,10000.0
1764940,"Adventure, Casual, Indie","2D, Adventure, Card Battler, Card Game, Casual, Colorful, Combat, Deckbuilding, Drama, Exploration, Fantasy, Female Protagonist, Grid-Based Movement, Pixel Graphics, Resource Management, Sexual Content, Singleplayer, Story Rich, Top-Down, Trading Card Game",0.0,10000.0
1769420,"Action, Early Access, Indie, RPG, Simulation, Strategy","3D, Base Building, Colony Sim, Crafting, Early Access, Fantasy, Loot, Management, Medieval, Mining, Perma Death, Procedural Generation, Sandbox, Simulation, Singleplayer, Strategy, Survival, Third Person, Top-Down, Trading",8.0,75000.0
1771180,"Action, Indie, Simulation, Sports","3D, 3D Fighter, Action, Collectathon, Combat, Destruction, Football (Soccer), Funny, Martial Arts, Multiplayer, Online Co-Op, Parkour, Physics, Puzzle Platformer, PvP, Spectacle fighter, Sports, Third Person, VR, eSports",8.0,10000.0
1787920,"Early Access, Indie, Strategy","2D, Card Battler, Card Game, Cartoony, Casual, Deckbuilding, Early Access, Indie, Magic, Roguelike, Roguelite, Singleplayer, Strategy, Turn-Based Combat",6.0,10000.0
1788980,Casual,"Adventure, Card Game, Casual, Indie, Singleplayer",0.0,10000.0
1792850,"Indie, RPG","3D, Action RPG, Alternate History, Atmospheric, CRPG, Crafting, Exploration, Futuristic, Gun Customization, Idler, Isometric, Nonlinear, Open World, Post-apocalyptic, RPG, Realistic, Sci-fi, Story Rich, Survival, Top-Down",0.0,10000.0
1793990,"Action, Early Access, Free To Play, Indie, Massively Multiplayer","3D, Action, Character Customization, Combat, Cyberpunk, Dark, Early Access, FPS, First-Person, Free to Play, Futuristic, Indie, Massively Multiplayer, Multiplayer, PvE, PvP, Retro, Shooter, Space, War",0.0,10000.0
1795150,"Adventure, Indie, Simulation","3D, Adventure, Atmospheric, Exploration, Immersive Sim, Indie, Mars, Open World, Sci-fi, Science, Simulation, Singleplayer, Space, Space Sim",0.0,10000.0
1798480,"Casual, Indie","1980s, 2D, Abstract, Arcade, Cartoon, Cartoony, Casual, Clicker, Colorful, Comic Book, Cute, Female Protagonist, Funny, Hand-drawn, Idler, LGBTQ+, Mature, Memes, Sexual Content, Singleplayer",5.0,10000.0
1804600,"Action, Casual, Indie","2D, 2D Fighter, 4 Player Local, Action, Arcade, Casual, Combat, Controller, Cute, Funny, Indie, Level Editor, Local Multiplayer, Multiplayer, Pixel Graphics, Platformer, PvP, Retro",0.0,10000.0
1818810,"Casual, Indie","2D, Atmospheric, Casual, Indie, Puzzle, Side Scroller, Singleplayer",0.0,10000.0
1821540,"Action, Indie","2D, 2D Platformer, Action, Bullet Hell, Cyberpunk, Futuristic, Indie, Mechs, Military, Pixel Graphics, Retro, Sci-fi, Shoot 'Em Up, Shooter, Singleplayer, Tanks, Top-Down, Top-Down Shooter, Vehicular Combat",0.0,10000.0
1821910,"Action, Adventure, Indie","3D, Action, Adventure, Atmospheric, Base Building, Building, Choices Matter, Colony Sim, Exploration, FPS, Indie, Open World, Open World Survival Craft, Shooter, Singleplayer",0.0,10000.0
1831190,"Casual, Free To Play, Indie","2D, Arcade, Cartoon, Casual, Free to Play, Funny, Indie, Quick-Time Events, Sci-fi, Singleplayer, Spectacle fighter",0.0,10000.0
1842360,"Casual, Indie","2D, Anime, Casual, Exploration, Indie, Nudity, Sexual Content, Singleplayer",5.0,10000.0
1848330,"Indie, RPG, Strategy","1990's, Indie, JRPG, Linear, Pixel Graphics, RPG, RPGMaker, Singleplayer, Story Rich, Strategy, Turn-Based Combat",7.0,10000.0
1864400,"Adventure, Casual, Indie, RPG","2D, Action RPG, Agriculture, Anime, Atmospheric, Character Customization, Choose Your Own Adventure, Crafting, Dark Fantasy, Exploration, Fantasy, Magic, Nonlinear, Open World, Pixel Graphics, RPG, Relaxing, Sandbox, Third Person, Western",0.0,10000.0
1870400,"Adventure, Indie","2D, Adventure, Arcade, Cartoony, Choose Your Own Adventure, Cute, Exploration, Female Protagonist, Funny, GameMaker, Indie, LGBTQ+, Multiple Endings, Open World, Pixel Graphics, Point & Click, Sci-fi, Singleplayer, Space, Surreal",0.0,10000.0
1879060,"Adventure, Indie","3D, Adventure, Atmospheric, Dark, Exploration, Female Protagonist, First-Person, Horror, Investigation, Mystery, Nature, Psychological Horror, Puzzle, PvE, Resource Management, Sci-fi, Singleplayer, Stealth, Survival, Survival Horror",0.0,10000.0
1890430,"Action, Indie","1980s, 2D, 2D Platformer, Action, Colorful, Indie, Linear, Minimalist, Pixel Graphics, Platformer, Singleplayer",0.0,10000.0
1900680,Casual,"Adventure, Card Game, Casual, Indie, Singleplayer, Solitaire",0.0,10000.0
1933190,"Adventure, Indie","1980s, 2D, Adventure, America, Choices Matter, Choose Your Own Adventure, Conversation, Dark, Detective, Interactive Fiction, Investigation, Mystery, Narrative, Pixel Graphics, Retro, Singleplayer, Story Rich, Supernatural, Thriller, Visual Novel",7.0,10000.0
1947930,"Casual, Early Access, Indie, Simulation","6DOF, Atmospheric, Casual, Early Access, Exploration, First-Person, Immersive Sim, Indie, Nature, Nonlinear, Open World, Procedural Generation, Realistic, Relaxing, Simulation, Singleplayer, VR, Walking Simulator",0.0,10000.0
1965560,"Action, Indie, Strategy","Action, Action RTS, Colorful, Combat, Deckbuilding, Fantasy, Indie, Medieval, Open World, RTS, Real Time Tactics, Replay Value, Resource Management, Roguelike, Roguelite, Singleplayer, Strategy, Stylized, Tactical",0.0,10000.0
1973010,"Adventure, Casual, Indie","2D, 2D Platformer, Action, Adventure, Atmospheric, Cute, Difficult, Exploration, Female Protagonist, Indie, Physics, Pixel Graphics, Platformer, Precision Platformer, Puzzle Platformer, Retro, Side Scroller, Singleplayer, Soundtrack, Story Rich",7.0,10000.0
1996100,"Casual, Indie","3D, Artificial Intelligence, Casual, Controller, Cute, Exploration, Family Friendly, Futuristic, Indie, Isometric, Logic, Minimalist, Physics, Puzzle, Robots, Sci-fi, Science, Singleplayer, Top-Down",0.0,10000.0
2012390,"Casual, Indie, Massively Multiplayer, Simulation","3D, Agriculture, Building, Casual, Character Customization, Co-op, Cooking, Crafting, Creature Collector, Cute, Farming, Farming Sim, Fishing, Life Sim, Online Co-Op, Relaxing, Simulation, Space, Third Person, Wholesome",0.0,10000.0
2016690,"Action, Indie","2D, 2D Platformer, Action, Action-Adventure, Adventure, Collectathon, Combat, Controller, Exploration, Futuristic, Inventory Management, Metroidvania, Old School, Pixel Graphics, Platformer, Retro, Sci-fi, Shooter, Side Scroller, Space",0.0,10000.0
2017120,"Adventure, Indie","2D, Adventure, Atmospheric, Choices Matter, Choose Your Own Adventure, Dark, Dark Fantasy, Demons, Dystopian, Gothic, Hand-drawn, Indie, Interactive Fiction, Lore-Rich, Multiple Endings, Mystery, Psychedelic, Story Rich, Stylized, Visual Novel",0.0,10000.0
2021780,"Action, Adventure, Casual, Indie, Simulation","3D, Abstract, Action, Action-Adventure, Adventure, Arcade, Casual, Choose Your Own Adventure, Controller, Escape Room, Exploration, FPS, Family Friendly, First-Person, Hidden Object, Mystery, Point & Click, Puzzle, Simulation, Walking Simulator",0.0,10000.0
2023250,"Indie, RPG","3D, Action-Adventure, CRPG, Early Access, First-Person, Indie, Psychedelic, RPG, Sci-fi, Singleplayer, Turn-Based Tactics",0.0,10000.0
2057030,"Action, Adventure, Casual, Indie","3D, Action, Action-Adventure, Adventure, Cartoony, Casual, Colorful, Combat, Hero Shooter, Looter Shooter, Post-apocalyptic, Real Time Tactics, Sci-fi, Shooter, Stealth, Stylized, Survival, Top-Down, Top-Down Shooter, Zombies",0.0,10000.0
2062380,"Adventure, Indie","2D, Adventure, Atmospheric, Cartoony, Comedy, Conspiracy, Dark Comedy, Detective, Exploration, Female Protagonist, Funny, Historical, Investigation, Mystery, Point & Click, Puzzle, Relaxing, Rome, Supernatural, Third Person",0.0,10000.0
2063000,"Action, Adventure, Indie, RPG","1980s, 2D, Action, Action-Adventure, Adventure, Atmospheric, Choices Matter, Dark, Gore, Horror, Indie, Multiple Endings, Pixel Graphics, Psychological Horror, Puzzle, RPG, Singleplayer, Survival Horror, Top-Down, Violent",6.0,35000.0
2081670,"Action, Early Access, Free To Play, Indie","2D, 2D Platformer, Action, Action-Adventure, Boss Rush, Difficult, Early Access, Fantasy, Female Protagonist, Free to Play, Hand-drawn, Indie, Mechs, Puzzle, Robots, Singleplayer, Steampunk",8.0,10000.0
2102880,"Action, Free To Play, Indie, RPG","2D, 2D Platformer, Action, Action RPG, Free to Play, Indie, Multiple Endings, RPG, Singleplayer, Space, Time Manipulation, Underground",0.0,10000.0
2112260,"Action, Casual, Indie","3D, 3D Platformer, Action, Cartoon, Casual, Controller, Cute, Family Friendly, Funny, Indie, Pirates, Platformer, Runner, Singleplayer, Third Person",0.0,10000.0
2114090,"Indie, Strategy","3D, Choices Matter, Combat, Cyberpunk, Dark, Female Protagonist, Indie, Minimalist, Noir, Roguelike, Singleplayer, Stealth, Strategy, Tactical, Turn-Based Combat, Turn-Based Strategy, Turn-Based Tactics",0.0,10000.0
2135000,"Adventure, Indie","3D, Action, Adventure, Atmospheric, Casual, Colorful, Exploration, Indie, Music, Narration, Open World, Puzzle, RPG, Relaxing, Singleplayer, Story Rich, Stylized, Third Person",0.0,10000.0
2137580,"Casual, Early Access, Indie, Simulation","2D, Atmospheric, Casual, Colorful, Early Access, Exploration, Indie, Nonlinear, Open World, Procedural Generation, Sandbox, Simulation, Singleplayer",0.0,10000.0
2139350,"Action, Indie","3D, Action, Arcade, Assassin, Bullet Time, Cartoon, Combat, Dark, FPS, Hero Shooter, Indie, Shoot 'Em Up, Shooter, Singleplayer, VR, Violent",7.0,10000.0
2144020,"Action, Adventure, Indie, Racing","3D Platformer, Abstract, Action, Adventure, Arcade, Artificial Intelligence, Atmospheric, Colorful, Combat, Exploration, Fast-Paced, Fighting, Minimalist, Mystery, Nonlinear, Physics, Stylized, Surreal, Time Manipulation, Underwater",0.0,10000.0
2146320,"Action, Casual, Indie","2D, Action, Action-Adventure, Arcade, Atmospheric, Casual, Colorful, Comedy, Cute, Funny, Hero Shooter, LGBTQ+, Pixel Graphics, Post-apocalyptic, Quick-Time Events, Shooter, Side Scroller, Singleplayer, Survival, Top-Down",7.0,10000.0
2147690,"Action, Adventure, Indie, RPG","2D, Action, Action Roguelike, Atmospheric, Class-Based, Combat, Controller, Dungeon Crawler, Level Editor, Loot, Magic, Multiplayer, Mystery Dungeon, Online Co-Op, Pixel Graphics, Procedural Generation, PvE, Roguelike, Team-Based, Top-Down",0.0,10000.0
2148030,"Action, Casual, Indie, Racing","1990's, 4 Player Local, Action, Arcade, Arena Shooter, Colorful, Combat Racing, Destruction, Driving, Heist, Local Multiplayer, Old School, Physics, Racing, Replay Value, Retro, Shooter, Split Screen, Third-Person Shooter, Vehicular Combat",0.0,10000.0
2156970,"Casual, Indie","2D, Casual, Clicker, Controller, Creature Collector, Cute, Demons, Education, Exploration, Family Friendly, Hand-drawn, Hidden Object, Indie, Minimalist, Point & Click, Relaxing, Singleplayer, Trading Card Game",7.0,10000.0
2160200,"Action, Adventure, Casual, Free To Play, Indie, Massively Multiplayer, RPG, Strategy","3D, 3D Platformer, Action, Adventure, Casual, Crafting, Demons, Destruction, Dragons, Exploration, Fantasy, Fishing, MMORPG, Magic, Medieval, Open World, PvE, PvP, RPG, Top-Down",7.0,10000.0
2163890,"Casual, Indie, Strategy","Anime, Board Game, Cartoon, Casual, Choices Matter, Colorful, Cute, Education, Fantasy, Hex Grid, Logic, Match 3, Minimalist, Mythology, Puzzle, Relaxing, Strategy, Survival, Tactical, Turn-Based Tactics",0.0,35000.0
2173160,"Action, Indie","1990's, Action, Atmospheric, Cinematic, Dark, Drama, First-Person, Horror, Indie, Inventory Management, Investigation, Linear, Mystery, Psychological, Psychological Horror, Puzzle, Singleplayer, Stealth, Supernatural, Survival Horror",0.0,10000.0
2176940,"Casual, Free To Play, Indie, Simulation","3D, Abstract, Atmospheric, Casual, Emotional, Free to Play, Horror, Indie, Minimalist, Narration, Psychological Horror, Relaxing, Simulation, Singleplayer, Walking Simulator",8.0,10000.0
2188790,"Action, Indie","3D, 3D Platformer, Action, Action Roguelike, Horror, Indie, Procedural Generation, Roguelike, Roguelite, Singleplayer, Stealth",7.0,10000.0
2193070,"Adventure, Casual, Indie, RPG","3D, Adventure, Casual, Choices Matter, Choose Your Own Adventure, Comedy, Cute, Dark Comedy, Dating Sim, Emotional, Immersive Sim, Mature, NSFW, Nudity, RPG, Realistic, Romance, Sexual Content, Singleplayer, Visual Novel",8.0,10000.0
2203820,"Action, Adventure, Indie","3D, Action, Action-Adventure, Adventure, Anime, Arena Shooter, Bullet Hell, Combat, Cute, Family Friendly, Fantasy, Female Protagonist, Funny, Point & Click, Shoot 'Em Up, Shooter, Singleplayer, Survival, Top-Down, Top-Down Shooter",0.0,10000.0
2204680,"Adventure, Casual, Indie","Adventure, America, Atmospheric, Casual, Colorful, Creature Collector, Cyberpunk, Detective, Dystopian, Family Friendly, Futuristic, Hand-drawn, Hidden Object, Linear, Point & Click, Puzzle, Relaxing, Sci-fi, Singleplayer, Western",6.0,35000.0
2208820,"Casual, Indie","3D, 4 Player Local, Action, Arcade, Cartoony, Casual, Character Customization, Collectathon, Colorful, Controller, Cute, Family Friendly, Funny, Indie, Local Multiplayer, Multiplayer, Party, Party Game, Physics, PvP",0.0,10000.0
2214840,"Adventure, Indie","3D, Adventure, Atmospheric, Demons, Exploration, Faith, First-Person, Hidden Object, Horror, Illuminati, Lovecraftian, Magic, Minimalist, Mystery, Post-apocalyptic, Psychological, Psychological Horror, Stylized, Supernatural, Walking Simulator",7.0,75000.0
2247480,"Indie, RPG, Simulation","Auto Battler, Clicker, Crafting, God Game, Idler, Immersive Sim, Management, Minimalist, Old School, Pixel Graphics, Puzzle, RPG, Real Time Tactics, Retro, Roguelite, Sandbox, Simulation, Space, Survival, Tactical RPG",4.0,10000.0
2248250,"Casual, Free To Play, Indie","2D, Casual, Clicker, Free to Play, Idler, Indie, Pixel Graphics, Singleplayer",4.0,10000.0
2249160,"Indie, Simulation","1990's, 3D, 3D Platformer, Atmospheric, Cinematic, Exploration, First-Person, Horror, Indie, Linear, Multiplayer, Old School, Psychedelic, Psychological, Psychological Horror, Realistic, Retro, Simulation, Singleplayer, Walking Simulator",8.0,75000.0
2257910,"Action, Casual, Early Access, Free To Play, Indie","3D, Action, Casual, Character Customization, Combat, Competitive, Early Access, FPS, First-Person, Free to Play, Horror, Indie, Inventory Management, Multiplayer, PvE, PvP, Shooter, Stealth, Strategy, Team-Based",5.0,10000.0
2258090,"Casual, Indie, Simulation","3D, 3D Platformer, Asynchronous Multiplayer, Casual, Colorful, Cute, Education, Indie, Logic, Physics, Puzzle, Puzzle Platformer, Relaxing, Simulation, Singleplayer",7.0,10000.0
2259320,"Action, Free To Play, Indie, RPG","2D, Action, Action Roguelike, Bullet Hell, Cats, Co-op, Colorful, Cute, Difficult, Dungeon Crawler, Gun Customization, Inventory Management, Perma Death, Pixel Graphics, Procedural Generation, PvE, Roguelike, Shoot 'Em Up, Top-Down, Top-Down Shooter",7.0,10000.0
2271810,"Adventure, Indie","2D, Adventure, Choose Your Own Adventure, Dark, Drama, Indie, Interactive Fiction, Multiple Endings, Pixel Graphics, Post-apocalyptic, Psychological Horror, Retro, Singleplayer, Visual Novel",5.0,10000.0
2272640,"Casual, Indie","1990's, 2D, Abstract, Atmospheric, Casual, Conversation, Cute, Dark, Linear, Minimalist, Mystery, Philosophical, Pixel Graphics, Programming, Puzzle, Retro, Singleplayer, Sokoban, Surreal, Top-Down",0.0,35000.0
2310220,"Action, Indie, RPG","2D, Action, Action Roguelike, Aliens, Beat 'em up, Combat, Indie, Linear, Medieval, Pixel Graphics, RPG, Singleplayer",0.0,10000.0
2312900,"Action, Adventure, Indie, RPG, Strategy","Action, Action RPG, Action Roguelike, Action-Adventure, Aliens, Assassin, Combat, Futuristic, Gore, PvE, RPG, Sci-fi, Singleplayer, Story Rich, Strategy, Strategy RPG, Third Person, Third-Person Shooter, Violent, Zombies",0.0,10000.0
2313250,"Casual, Free To Play, Indie","Cartoony, Casual, Cats, Collectathon, Controller, Cozy, Creature Collector, Cute, Exploration, Free to Play, Hand-drawn, Hidden Object, Indie, Minimalist, Point & Click, Puzzle, Relaxing, Singleplayer, Time Attack, Wholesome",9.0,10000.0
2322640,"Action, Indie","3D, Action, Arcade, Casual, Combat, Controller, Cute, Dungeon Crawler, Fantasy, Gore, Hack and Slash, Indie, Medieval, Singleplayer, Top-Down, Top-Down Shooter, Violent",0.0,10000.0
2328520,"Action, Adventure, Indie, Simulation","3D, Action, Adventure, Atmospheric, First-Person, Horror, Lovecraftian, Minimalist, Physics, Platformer, Precision Platformer, Psychedelic, Psychological Horror, Puzzle, Puzzle Platformer, Simulation, Stylized, Survival, Underground, Zombies",0.0,10000.0
2329520,"Early Access, Indie","3D, Action, Atmospheric, Casual, Co-op, Colorful, Dark, Early Access, Exploration, Fantasy, First-Person, Hidden Object, Horror, Multiplayer, Mystery, Online Co-Op, Puzzle Platformer, Stealth, Survival Horror, Team-Based",0.0,10000.0
2346370,"Casual, Indie, Strategy","2D, Anime, Casual, Dating Sim, FPS, Fantasy, Female Protagonist, Hentai, Indie, Mature, NSFW, Nudity, Puzzle, Relaxing, Sexual Content, Singleplayer, Strategy, Tile-Matching",7.0,10000.0
2356220,"Adventure, Indie, Simulation",,0.0,75000.0
2365860,"Indie, Strategy","2D, 3D, Grid-Based Movement, Indie, Isometric, Pixel Graphics, Puzzle Platformer, RPG, Retro, Roguelike, Roguelite, Sci-fi, Singleplayer, Space, Strategy, Strategy RPG, Third Person, Turn-Based Combat, Turn-Based Strategy, Turn-Based Tactics",7.0,35000.0
2375400,"Adventure, Indie","3D, Adventure, Atmospheric, Capitalism, Exploration, First-Person, Funny, Hidden Object, Immersive, Interactive Fiction, Investigation, Linear, Mystery, Narration, Point & Click, Puzzle, Relaxing, Singleplayer, Stylized, Text-Based",7.0,10000.0
2378310,"Action, Adventure, Casual, Early Access, Indie, RPG","1980s, 2D, Action, Action RPG, Action Roguelike, Adventure, Anime, Arcade, Bullet Hell, Casual, Early Access, Fantasy, Pixel Graphics, RPG, Retro, Roguelite, Sci-fi, Score Attack, Shoot 'Em Up, Top-Down",0.0,10000.0
2391780,"Casual, Indie","2D, Anime, Casual, Cute, Female Protagonist, Hand-drawn, Hentai, Idler, Indie, JRPG, Mature, NSFW, Nature, Nudity, Puzzle, RPG, Sexual Content, Simulation, Singleplayer, Visual Novel",7.0,10000.0
2396400,"Casual, Indie, Simulation","2D, America, Anime, Casual, Colorful, Cute, Dating Sim, Emotional, Indie, Interactive Fiction, LGBTQ+, Linear, Modern, Romance, Simulation, Singleplayer, Story Rich, Visual Novel, Wholesome",0.0,10000.0
2411410,"Action, Casual, Indie, Simulation","2D, Action, Action Roguelike, Adventure, Arcade, Arena Shooter, Battle Royale, Casual, Exploration, Flight, Mining, Pixel Graphics, Retro, Shoot 'Em Up, Shooter, Simulation, Space, Space Sim, Strategy, Top-Down",0.0,10000.0
2416320,,"3D, Atmospheric, Building, Casual, Colorful, Cozy, Cute, Experimental, Indie, Level Editor, Nature, Physics, Realistic, Relaxing, Sandbox, Simulation, Singleplayer, Third Person",0.0,10000.0
2436490,"Action, Adventure, Indie","3D, Action, Atmospheric, Co-op, Combat, Dark, Demons, FPS, First-Person, Gun Customization, Horror, Military, PvE, RPG, Realistic, Shoot 'Em Up, Shooter, Stealth, Supernatural, Tactical",0.0,10000.0
2439960,"Action, Casual, Early Access, Indie, RPG","3D, Action, Action Roguelike, Casual, Co-op, Combat, Controller, Early Access, Funny, Hack and Slash, Indie, Isometric, Memes, Multiplayer, Online Co-Op, PvE, RPG, Roguelike, Roguelite, Singleplayer",0.0,10000.0
2442470,"Adventure, Indie","2D, 2D Platformer, Action, Action-Adventure, Adventure, Atmospheric, Dark, Dystopian, Exploration, Futuristic, Hand-drawn, Indie, Logic, Multiple Endings, Platformer, Puzzle, Puzzle Platformer, Shooter, Singleplayer, Stylized",0.0,10000.0
2442860,"Casual, Early Access, Indie, Strategy","2D, Casual, Colorful, Difficult, Early Access, Family Friendly, Grid-Based Movement, Hex Grid, Indie, Logic, Management, Minimalist, Mouse only, Puzzle, Relaxing, Resource Management, Singleplayer, Strategy, Touch-Friendly, Tutorial",0.0,35000.0
2444930,"Action, Indie, Racing","2D, Abstract, Action, Bullet Hell, Controller, Dark, Dungeon Crawler, Family Friendly, Heist, Level Editor, Minimalist, Procedural Generation, Puzzle, Racing, Roguelike, Souls-like, Stealth, Stylized, Top-Down, Tutorial",0.0,10000.0
2460520,"Adventure, Indie","1990's, 2D, Adventure, Anime, Atmospheric, Casual, Cute, Indie, Mystery, Point & Click, Side Scroller, Singleplayer, Story Rich, Supernatural, Third Person",0.0,10000.0
2460900,"Action, Adventure, Indie, Simulation","Action, Adventure, Atmospheric, Cinematic, Dark, First-Person, Horror, Immersive Sim, Indie, Mystery, Psychological Horror, Puzzle, Realistic, Simulation, Singleplayer, Supernatural, Survival Horror, Thriller, Walking Simulator",5.0,10000.0
2470370,"Indie, RPG, Strategy","2D, Anime, Board Game, Fantasy, Indie, Magic, RPG, Singleplayer, Strategy, Strategy RPG, Tactical, Tactical RPG, Top-Down, Turn-Based Strategy, Turn-Based Tactics, War",0.0,10000.0
2478890,Indie,"2D, Aliens, Card Game, Colorful, Combat, Deckbuilding, Futuristic, Indie, Pixel Graphics, Retro, Roguelike, Sci-fi, Singleplayer, Space, Strategy, Tactical, Turn-Based Combat, Turn-Based Strategy, Turn-Based Tactics",0.0,10000.0
2483770,"Action, Adventure, Indie, RPG, Simulation","2D, Action-Adventure, CRPG, Choices Matter, Collectathon, Colorful, Dark Humor, Dynamic Narration, Management, Multiple Endings, Nonlinear, Pixel Graphics, Puzzle, RPG, Simulation, Tactical, Tactical RPG, Top-Down, Turn-Based Combat, Turn-Based Strategy",0.0,10000.0
2487080,,"3D, Action, Action Roguelike, Action-Adventure, Adventure, Cartoon, Dark Fantasy, Deckbuilding, Dungeon Crawler, Fantasy, Indie, Inventory Management, Procedural Generation, Roguelike, Roguelite, Singleplayer, Souls-like, Top-Down",0.0,10000.0
2490790,"Action, Adventure, Indie","1980s, Action, Action-Adventure, Adventure, Atmospheric, Dark, Exploration, First-Person, Horror, Idler, Investigation, Logic, Mystery, Psychological Horror, Puzzle, Puzzle Platformer, Retro, Singleplayer, Survival, Survival Horror",6.0,10000.0
2503330,"Action, Adventure, Casual, Indie, RPG, Strategy","2.5D, 2D, Action, Archery, Base Building, Casual, Colony Sim, Exploration, Fantasy, Magic, Management, Metroidvania, Pixel Graphics, PvE, RPG, Roguelike, Roguelite, Side Scroller, Strategy, Tower Defense",0.0,10000.0
2509060,"Casual, Indie, Simulation, Strategy","2D, Casual, Cats, Cute, Cyberpunk, Education, Immersive Sim, Logic, Mechs, Pixel Graphics, Puzzle, Puzzle Platformer, Relaxing, Sandbox, Sci-fi, Score Attack, Sokoban, Space, Story Rich, Tutorial",0.0,10000.0
2511550,"Adventure, Indie, Simulation","3D, 3D Platformer, Adventure, Collectathon, Colorful, Controller, Family Friendly, Indie, Linear, Physics, Platformer, Relaxing, Simulation, Singleplayer, Space, Strategy, Third Person",0.0,10000.0
2512830,"Action, Casual, Indie","3D, 3D Platformer, Action, Action-Adventure, Casual, Free to Play, Indie, Mechs, Robots, Singleplayer",8.0,10000.0
2513090,"Casual, Indie, RPG, Simulation, Strategy","2D, Base Building, Building, Card Game, Casual, Collectathon, Crafting, Deckbuilding, Exploration, Idler, Minimalist, Open World, Pixel Graphics, Procedural Generation, Puzzle, Roguelike Deckbuilder, Singleplayer, Strategy, Text-Based, Word Game",,10000.0
2524200,"Adventure, Indie, RPG, Simulation","2.5D, 2D, 3D, Adventure, Anime, Choices Matter, Conversation, Exploration, Female Protagonist, Interactive Fiction, Mechs, Medieval, Multiple Endings, Point & Click, Psychological Horror, Puzzle, RPG, Singleplayer, Story Rich, Visual Novel",0.0,10000.0
2524630,"Action, Adventure, Indie","3D, Action, Action-Adventure, Adventure, Cartoony, Colorful, Controller, Cute, Demons, Fantasy, Indie, Martial Arts, Mythology, Narration, Nature, Puzzle Platformer, Singleplayer, Story Rich, Stylized, Top-Down",0.0,10000.0
2527650,"Action, Adventure, Early Access, Indie, RPG","Action RPG, Action-Adventure, Adventure, Arena Shooter, Atmospheric, Combat, Early Access, Exploration, Gun Customization, Local Co-Op, Military, Post-apocalyptic, RPG, Resource Management, Robots, Sci-fi, Shooter, Singleplayer, Top-Down Shooter, Zombies",0.0,10000.0
2532310,"Casual, Indie","2D, Abstract, Casual, Clicker, Indie, Linear, Minimalist, Puzzle, Relaxing, Singleplayer",0.0,10000.0
2536970,"Action, Adventure, Casual, Indie, Simulation",,0.0,10000.0
2542670,"Casual, Indie","2D, Arcade, Casual, Dystopian, Family Friendly, Female Protagonist, Hand-drawn, Indie, Inventory Management, Linear, Singleplayer",0.0,10000.0
2559520,"Action, Adventure, Indie","3D, 3D Platformer, Action, Action-Adventure, Adventure, Atmospheric, Combat, Controller, Cute, Difficult, Exploration, Fantasy, Indie, Platformer, PvE, Singleplayer, Souls-like, Third Person, Villain Protagonist",0.0,10000.0
2560210,"Adventure, Indie, RPG","2D, Action RPG, Adventure, Bullet Hell, Choices Matter, Comedy, Dark, Emotional, Fantasy, Funny, Indie, Multiple Endings, Mystery, Pixel Graphics, RPG, Retro, Singleplayer, Soundtrack, Story Rich, Turn-Based",0.0,10000.0
2560740,"Action, Casual, Indie","3D, Action, Action Roguelike, Basketball, Bullet Hell, Cartoony, Family Friendly, Military, Multiplayer, Ninja, Retro, Roguelite, Shooter, Singleplayer, Survival, Survival Horror, Third Person, Top-Down, Top-Down Shooter, Vampire",0.0,150000.0
2565450,"Action, Casual, Indie","1990's, 2D, 4 Player Local, Action, Arcade, Casual, Co-op, Grid-Based Movement, Local Co-Op, Local Multiplayer, Old School, Pixel Graphics, Puzzle, PvE, PvP, Retro, Score Attack, Tanks, Team-Based, Top-Down",0.0,10000.0
2593660,"Adventure, Indie, Simulation","1980s, 1990's, 3D, Adventure, Aliens, Atmospheric, Choose Your Own Adventure, Comedy, Dating Sim, Funny, Horror, Indie, Mystery, Realistic, Romance, Simulation, Singleplayer, Story Rich, Visual Novel, Werewolves",0.0,10000.0
2594610,"Action, Adventure, Indie, RPG","3D, Action, Action RPG, Action-Adventure, Choices Matter, Choose Your Own Adventure, Controller, Dystopian, Exploration, Female Protagonist, Looter Shooter, Mars, Multiple Endings, Open World, RPG, Realistic, Sci-fi, Stealth, Third Person, Third-Person Shooter",0.0,10000.0
2609200,"Action, Adventure, Casual, Indie, RPG, Strategy","3D, Action, Action Roguelike, Adventure, Atmospheric, Casual, Colorful, Dark, Dark Fantasy, Futuristic, Logic, Mystery, Platformer, Puzzle, RPG, Roguelike, Sci-fi, Strategy, Strategy RPG, Third Person",0.0,10000.0
2610710,"Action, Adventure, Indie, Strategy","2D, Action, Action Roguelike, Atmospheric, Board Game, Boss Rush, Chess, Difficult, Grid-Based Movement, Hack and Slash, Minimalist, Mystery Dungeon, Procedural Generation, Roguelike, Roguelite, Singleplayer, Souls-like, Strategy, Tabletop, Top-Down",7.0,10000.0
2612870,"Action, Casual, Indie","2.5D, 3D, Action, Action RPG, Action Roguelike, Anime, Arcade, Bullet Hell, Casual, Controller, Gun Customization, Mechs, Robots, Roguelike, Roguelite, Shoot 'Em Up, Shooter, Top-Down, Top-Down Shooter, Twin Stick Shooter",5.0,35000.0
2628420,"Casual, Indie, Simulation","2D, Atmospheric, Capitalism, Casual, Clicker, Collectathon, Colorful, Cozy, Creature Collector, Cute, Funny, Idler, Indie, Nature, Relaxing, Resource Management, Sandbox, Simulation, Singleplayer",8.0,10000.0
2653880,"Action, Adventure, Indie","3D, 3D Platformer, Action, Action-Adventure, Adventure, Cartoon, Cartoony, Colorful, Controller, Cute, Family Friendly, Fantasy, Female Protagonist, Indie, Platformer, Singleplayer",0.0,10000.0
2653920,"Adventure, Indie","Adventure, Atmospheric, Choices Matter, Choose Your Own Adventure, Dark, Detective, Hand-drawn, Horror, Interactive Fiction, Investigation, Lovecraftian, Multiple Endings, Mythology, Noir, Nudity, Sexual Content, Singleplayer, Story Rich, Text-Based, Turn-Based Combat",0.0,10000.0
2669380,"Action, Early Access, Indie","Action, Blood, Bullet Time, Cartoony, Combat, Early Access, Gore, Hack and Slash, Old School, Physics, PvE, Sandbox, Shooter, Singleplayer, Sniper, Stylized, Swordplay, Tactical, VR, Violent",8.0,10000.0
2672850,"Casual, Indie, Simulation","3D, Atmospheric, Casual, Controller, First-Person, Idler, Immersive Sim, Indie, Linear, Modern, Simulation, Singleplayer, Surreal, Walking Simulator",5.0,10000.0
2685330,"Action, Indie","3D, Action, Arcade, Character Customization, Controller, Dark, First-Person, Gore, Indie, Multiplayer, Online Co-Op, PvP, Realistic, Runner, Third Person, Violent",0.0,10000.0
2685810,"Casual, Indie, Simulation, Strategy","2D, Atmospheric, Cartoon, Casual, Colorful, Cooking, Crafting, Cute, Economy, Farming Sim, Idler, Inventory Management, Management, Nature, Pixel Graphics, Relaxing, Retro, Simulation, Top-Down, Trading",6.0,10000.0
2686940,"Free To Play, Indie, RPG","2D, Anime, Fantasy, Female Protagonist, Free to Play, Indie, Narration, RPG, RPGMaker, Singleplayer, Story Rich, Top-Down, Turn-Based Strategy, Turn-Based Tactics",7.0,10000.0
2687530,"Action, Adventure, Indie","3D, 3D Platformer, Action, Action-Adventure, Adventure, Cute, Dark Humor, Exploration, Fantasy, Hidden Object, Indie, Loot, Nudity, Singleplayer, Stealth, Third Person",7.0,10000.0
2707220,"Casual, Indie, Simulation","2D, Cartoon, Cartoony, Casual, Choices Matter, Choose Your Own Adventure, Colorful, Cute, Design & Illustration, Family Friendly, Funny, Indie, Management, Pixel Graphics, Relaxing, Simulation, Singleplayer, Tutorial",0.0,10000.0
2716300,"Action, Indie, Racing, Strategy","3D, Action, Arcade, Atmospheric, Combat, Combat Racing, Controller, Dark, Dystopian, Horror, Post-apocalyptic, Shoot 'Em Up, Shooter, Singleplayer, Strategy, Survival, Top-Down, Top-Down Shooter, Vehicular Combat, Zombies",0.0,10000.0
2736860,"Early Access, Indie, Simulation","2D, Artificial Intelligence, Auto Battler, Casual, Creature Collector, Cute, Early Access, Education, Idler, Level Editor, Nature, Physics, Pixel Graphics, Procedural Generation, Programming, PvE, Sandbox, Science, Simulation, Singleplayer",0.0,10000.0
2750490,"Casual, Early Access, Indie, Simulation, Strategy",,0.0,10000.0
2757810,"Adventure, Indie, Massively Multiplayer, Sports","2D, 2D Platformer, 3D, 3D Platformer, Adventure, Arcade, Basketball, Combat, Cute, Family Friendly, Football (American), Minimalist, Multiplayer, Physics, Platformer, Precision Platformer, PvP, Side Scroller, Singleplayer, Survival",0.0,10000.0
2762480,"Action, Early Access, Indie","Action, Combat, Early Access, FPS, First-Person, Gore, Indie, Sci-fi, Shooter, Singleplayer, Surreal, Transhumanism, Violent",0.0,10000.0
2764870,"Early Access, Indie","3D, Abstract, Action, Atmospheric, Choices Matter, Early Access, Indie, Isometric, Minimalist, Physics, Relaxing, Roguelike, Roguelite, Singleplayer",0.0,10000.0
2770320,"Adventure, Indie, Strategy","2D, Dark Fantasy, Dungeon Crawler, Fantasy, Loot, Lore-Rich, Old School, Perma Death, Pixel Graphics, Procedural Generation, PvE, Retro, Roguelike, Strategy, Stylized, Top-Down, Traditional Roguelike, Turn-Based Combat, Turn-Based Strategy, Turn-Based Tactics",0.0,10000.0
2771630,"Adventure, Indie","Action-Adventure, Adventure, Choices Matter, Cinematic, Cyberpunk, Dark, Emotional, FMV, Female Protagonist, Horror, Indie, Investigation, Mystery, Psychological Horror, Puzzle, Sci-fi, Singleplayer, Story Rich, Thriller, Violent",0.0,10000.0
2869020,"Action, Indie","2D, Action, Arcade, Bullet Hell, Controller, Indie, Linear, Minimalist, Old School, Physics, Pixel Graphics, Retro, Runner, Singleplayer",0.0,10000.0
2874570,"Action, Adventure, Indie","2D, 2D Platformer, Action, Action-Adventure, Adventure, Alternate History, Boxing, Cartoony, Combat, Comedy, Controller, Family Friendly, Indie, Parody, Platformer, Side Scroller, Singleplayer, Story Rich",0.0,10000.0
2885470,"Adventure, Indie","2D, 2D Platformer, Adventure, Dark, Dark Fantasy, Emotional, Fantasy, Female Protagonist, Horror, Indie, Point & Click, Psychological, Psychological Horror, Sci-fi, Singleplayer, Story Rich",0.0,10000.0
2887890,"Casual, Indie, Simulation, Strategy","2D, Action, Action RPG, Base Building, Building, Difficult, Fantasy, God Game, Management, Medieval, Old School, Pixel Graphics, Procedural Generation, PvE, RTS, Real Time Tactics, Retro, Singleplayer, Strategy, Villain Protagonist",7.0,10000.0
2890650,"Casual, Indie","2D, Anime, Atmospheric, Casual, Choices Matter, Cute, Dark, Drama, Female Protagonist, Horror, LGBTQ+, Multiple Endings, Mystery, Nudity, Romance, Sexual Content, Singleplayer, Story Rich, Thriller, Visual Novel",0.0,10000.0
2896150,"Action, Adventure, Free To Play, Indie, Massively Multiplayer","1990's, 2D, Action, Action Roguelike, Adventure, Co-op, Collectathon, Free to Play, Indie, Massively Multiplayer, Multiplayer, Online Co-Op, PvP, Singleplayer, Strategy",0.0,10000.0
2903250,"Casual, Indie","2D Platformer, Arcade, Casual, Colorful, Controller, Indie, Post-apocalyptic, Singleplayer",0.0,10000.0
2903940,"Action, Adventure, Indie","2D, 2D Platformer, Action, Action-Adventure, Adventure, Aliens, Arcade, Cartoony, Combat, Comic Book, Dark Humor, Futuristic, Gore, Mystery, Platformer, Sci-fi, Singleplayer, Stealth, Story Rich, Violent",0.0,10000.0
2915880,"Action, Casual, Indie, Strategy","3D, Action, Agriculture, Arcade, Atmospheric, Casual, Farming Sim, Isometric, Nature, Post-apocalyptic, PvE, Real Time Tactics, Sci-fi, Shoot 'Em Up, Strategy, Tactical, Third Person, Third-Person Shooter, Tower Defense, Underground",0.0,10000.0
2923200,"Action, Indie","Action, Arcade, Arena Shooter, Boomer Shooter, Character Action Game, Difficult, FPS, Fantasy, Fast-Paced, First-Person, Indie, Multiple Endings, Old School, Parkour, Pixel Graphics, Platformer, Retro, Sci-fi, Shooter, Singleplayer",0.0,10000.0
2928480,"Action, Indie, RPG","2D, Action, Action RPG, Anime, Cartoon, Cartoony, Combat, Crafting, Cute, Female Protagonist, Hand-drawn, Indie, Level Editor, Pixel Graphics, RPG, Singleplayer, Top-Down",7.0,10000.0
2938440,"Casual, Indie","3D, Casual, Character Customization, Co-op, FPS, Family Friendly, Indie, Multiplayer, Online Co-Op, Relaxing, Shooter, Singleplayer",0.0,10000.0
2943610,"Adventure, Indie","3D, Adventure, Atmospheric, Combat, Dark, Demons, First-Person, Horror, Idler, Indie, Linear, Minimalist, Perma Death, Psychological Horror, Puzzle, PvE, RPG, Singleplayer, Thriller, Walking Simulator",0.0,10000.0
2971430,"Adventure, Indie","3D, Adventure, Atmospheric, Cute, Dark, Dynamic Narration, Emotional, Exploration, First-Person, Indie, Linear, Mystery, Narration, Post-apocalyptic, Roguelike, Singleplayer, Thriller, Traditional Roguelike, Walking Simulator",0.0,10000.0
2971860,"Action, Indie, RPG","2D, Action, Action-Adventure, Atmospheric, Bullet Hell, Combat, Dark, Exploration, Fantasy, Horror, Medieval, Metroidvania, Multiple Endings, Pixel Graphics, Platformer, PvE, RPG, Singleplayer, Souls-like, Story Rich",0.0,10000.0
2984970,"Adventure, Indie","3D, 3D Platformer, Adventure, Cats, Choices Matter, Controller, Cute, Dark Comedy, Exploration, Horror, Multiple Endings, Nature, Parkour, Physics, Platformer, Precision Platformer, Psychedelic, Psychological Horror, Satire, Third Person",0.0,10000.0
2998500,"Adventure, Indie","Adventure, Artificial Intelligence, Choices Matter, Choose Your Own Adventure, Drama, Fantasy, Indie, Interactive Fiction, Medieval, Multiple Endings, Old School, Romance, Singleplayer, Story Rich, Text-Based, Visual Novel",0.0,10000.0
3001750,"Action, Adventure, Indie, RPG, Strategy","3D, Action, Action RPG, Action-Adventure, Adventure, Fantasy, Indie, Nature, Old School, Open World, RPG, Singleplayer, Strategy, Strategy RPG, Top-Down",0.0,10000.0
3042160,"Adventure, Indie, RPG","2D, Adventure, Anime, Collectathon, Combat, Comedy, Crafting, Dark Humor, Dungeon Crawler, Exploration, Fantasy, Lore-Rich, Management, Party-Based RPG, Pixel Graphics, Puzzle, RPG, Resource Management, Singleplayer, Story Rich",0.0,10000.0
3043020,"Action, Adventure, Indie, RPG, Strategy","3D, Action, Action RPG, Action Roguelike, Action-Adventure, Colorful, Dungeon Crawler, Exploration, Inventory Management, Management, Perma Death, Procedural Generation, RPG, Resource Management, Roguelike, Strategy, Strategy RPG, Survival, Underground, Western",0.0,10000.0
3045970,"Adventure, Casual, Indie","3D, 6DOF, Adventure, Casual, Grid-Based Movement, Indie, Logic, Nonlinear, Puzzle, Relaxing, Singleplayer, Third Person",0.0,10000.0
3046020,"Indie, Strategy","2D, Card Game, Dark Fantasy, Deckbuilding, Fantasy, Indie, Magic, Medieval, Pixel Graphics, Roguelite, Singleplayer, Strategy, Tower Defense",0.0,10000.0
3046880,"Adventure, Early Access, Indie, Strategy","Action-Adventure, Dark Fantasy, Demons, Detective, Early Access, Exploration, Hidden Object, Horror, Interactive Fiction, Linear, Magic, Military, Psychological Horror, Puzzle, Real Time Tactics, Realistic, Strategy, Strategy RPG, Surreal, VR",0.0,10000.0
3050460,"Action, Indie, Simulation","3D, Action, Action-Adventure, Colorful, Crime, Economy, Exploration, FPS, First-Person, Hacking, Heist, Immersive Sim, Life Sim, Management, Open World, PvE, Realistic, Simulation, Singleplayer, Trading",0.0,10000.0
3086060,"Action, Casual, Early Access, Indie, RPG, Simulation, Strategy","3D, Action, Anime, Atmospheric, Casual, Cute, Dating Sim, Early Access, Hentai, Immersive Sim, Indie, Mature, NSFW, Nudity, RPG, Relaxing, Sexual Content, Simulation, Singleplayer, Story Rich",0.0,10000.0
3102020,"Casual, Indie","2D, 2D Platformer, Aliens, Arcade, Casual, Indie, Linear, Minimalist, Pixel Graphics, Sci-fi, Singleplayer, Space",7.0,10000.0
3103170,"Adventure, Casual, Indie, Simulation","2D, Adventure, Anime, Casual, Fantasy, Indie, Interactive Fiction, Otome, Romance, Simulation, Singleplayer, Story Rich, Text-Based, Visual Novel",0.0,10000.0
3119470,"Casual, Indie","1980s, 3D, Atmospheric, Casual, Controller, Dark, Exploration, First-Person, Hidden Object, Horror, Immersive Sim, Nonlinear, Procedural Generation, Psychological Horror, Puzzle, Realistic, Singleplayer, Supernatural, Surreal, Walking Simulator",6.0,10000.0
3120300,"Action, Adventure, Casual, Indie, RPG, Racing, Simulation, Sports, Strategy","3D, 3D Platformer, Action, Action-Adventure, Arcade, Beat 'em up, Building, Casual, Colorful, Cooking, Dark, First-Person, Hidden Object, Linear, Puzzle, RPG, Relaxing, Simulation, Singleplayer, Sports",7.0,10000.0
3128190,"Casual, Indie, Strategy","2D, Adventure, Arcade, Atmospheric, Casual, Clicker, Indie, Linear, Psychological Horror, Simulation, Singleplayer, Strategy",0.0,10000.0
3137790,"Action, Casual, Indie","2D, Action, Arcade, Atmospheric, Casual, Colorful, Controller, Hand-drawn, Indie, Nature, Perma Death, Score Attack, Side Scroller, Singleplayer, Surreal, Time Management, Tutorial, Underwater",0.0,10000.0
3142320,"Indie, Strategy","2D, Card Battler, Card Game, Cartoony, Comedy, Fantasy, Indie, Roguelike, Roguelite, Singleplayer, Strategy, Tabletop, Turn-Based Strategy, Turn-Based Tactics",0.0,10000.0
3151240,"Casual, Indie","2D, Anime, Casual, Cute, Indie, Singleplayer, Visual Novel",0.0,10000.0
3151880,"Adventure, Casual, Indie, Simulation","3D, Adventure, Atmospheric, Casual, Conversation, Crime, Dynamic Narration, Exploration, First-Person, Horror, Interactive Fiction, Linear, Mystery, Pixel Graphics, Psychological Horror, Retro, Simulation, Story Rich, Thriller, Walking Simulator",0.0,10000.0
3158960,"Adventure, Indie, RPG, Strategy","2D, Adventure, Atmospheric, Card Battler, Comedy, Crime, Dark Comedy, Dark Humor, Deckbuilding, Funny, Indie, JRPG, Pixel Graphics, Psychological, RPG, RPGMaker, Singleplayer, Story Rich, Stylized, Turn-Based Combat",7.0,10000.0
3166610,"Casual, Indie, Strategy","3D, 4X, Abstract, Base Building, Building, City Builder, Hex Grid, Level Editor, Management, Medieval, Minimalist, Procedural Generation, Real Time Tactics, Relaxing, Resource Management, Singleplayer, Strategy, Tactical, Time Management, Top-Down",0.0,10000.0
3176560,"Adventure, Casual, Indie","3D, Adventure, Ambient, Atmospheric, Bikes, Casual, Cinematic, Crime, Exploration, First-Person, Horror, Multiple Endings, Narrative, Psychological, Psychological Horror, Realistic, Singleplayer, Story Rich, Thriller, Walking Simulator",0.0,10000.0
3196190,"Adventure, Casual, Free To Play, Indie","2D, Adventure, Casual, Conversation, Crime, Detective, Exploration, Free to Play, Indie, Interactive Fiction, Investigation, Isometric, Mystery, Nonlinear, Puzzle, Singleplayer, Story Rich, Top-Down, Word Game",0.0,10000.0
3226070,"Adventure, Indie, Massively Multiplayer, RPG, Strategy","2D, Adventure, Building, CRPG, Crafting, Fantasy, Hand-drawn, Magic, Management, Medieval, Pixel Graphics, PvP, RPG, Retro, Strategy, Strategy RPG, Swordplay, Tactical RPG, Turn-Based Strategy, Turn-Based Tactics",0.0,10000.0
3233390,"Adventure, Casual, Indie","2D, Adventure, Atmospheric, Casual, Choices Matter, Choose Your Own Adventure, Cute, Dark Fantasy, Female Protagonist, Funny, Indie, Interactive Fiction, Medieval, Multiple Endings, Nudity, Old School, Pixel Graphics, Point & Click, Sexual Content, Singleplayer",0.0,10000.0
3236560,"Action, Indie","2D, 2D Platformer, Action, Adventure, Atmospheric, Combat, Indie, Multiple Endings, Side Scroller, Singleplayer, Stylized, Surreal",0.0,10000.0
3241910,"Casual, Free To Play, Indie","2D, Casual, Conversation, Emotional, Fantasy, Free to Play, Gothic, Indie, Interactive Fiction, Investigation, Mystery, Narration, Pixel Graphics, Puzzle, Relaxing, Singleplayer, Top-Down",0.0,10000.0
3249420,"Adventure, Early Access, Indie, RPG","3D, Adventure, Comic Book, Conversation, Early Access, Education, Exploration, Family Friendly, Funny, Indie, Open World, Puzzle, RPG, Singleplayer, Story Rich, Third Person, Top-Down",0.0,10000.0
3261430,"Free To Play, Indie","2D, Adventure, Anime, Atmospheric, Conversation, Faith, Free to Play, Hand-drawn, Interactive Fiction, Multiple Endings, Mystery, Narration, Nonlinear, Philosophical, Singleplayer, Story Rich, Text-Based, Third Person, Thriller, Visual Novel",0.0,10000.0
