attribute_type,attribute,winner_count,winner_share,baseline_count,baseline_share,lift,log_odds_weight
genre,Massively Multiplayer,12,0.05882,1892,0.04135,1.423,0.3526
genre,Simulation,85,0.29739,17135,0.21647,1.374,0.3176
genre,Free To Play,30,0.11765,6932,0.09925,1.185,0.17
genre,Action,151,0.51307,38757,0.46489,1.104,0.0986
genre,Strategy,65,0.23203,16759,0.21215,1.094,0.0895
genre,RPG,64,0.22876,17167,0.21684,1.055,0.0535
genre,Adventure,121,0.41503,37807,0.45398,0.914,-0.0897
genre,Indie,247,0.8268,82296,0.96512,0.857,-0.1547
genre,Racing,6,0.03922,2918,0.05313,0.738,-0.3037
genre,Early Access,21,0.08824,9625,0.13019,0.678,-0.389
genre,Casual,64,0.22876,36965,0.4443,0.515,-0.6638
price_band,$20-29.99,57,0.20588,1384,0.03551,5.798,1.7575
price_band,$15-19.99,56,0.20261,3483,0.05962,3.398,1.2232
price_band,$30-39.99,12,0.05882,209,0.02201,2.673,0.9831
price_band,$10-14.99,44,0.1634,5826,0.08654,1.888,0.6355
price_band,$40+,6,0.03922,233,0.02228,1.76,0.5652
price_band,$5-9.99,46,0.16993,13657,0.17652,0.963,-0.038
price_band,$0.01-4.99,41,0.15359,30822,0.37373,0.411,-0.8892
price_band,free,38,0.14379,29718,0.36104,0.398,-0.9206
tag,Co-op,118,0.40523,4707,0.07369,5.499,1.7046
tag,Great Soundtrack,85,0.29739,3227,0.05668,5.246,1.6575
tag,Online Co-Op,82,0.28758,3158,0.05589,5.145,1.6381
tag,Multiplayer,167,0.56536,9142,0.12464,4.536,1.512
tag,Moddable,33,0.12745,775,0.02851,4.47,1.4974
tag,Sandbox,92,0.32026,5041,0.07752,4.131,1.4185
tag,Open World,88,0.30719,6169,0.09048,3.395,1.2223
tag,Open World Survival Craft,22,0.0915,661,0.0272,3.364,1.2131
tag,Difficult,83,0.29085,6363,0.09271,3.137,1.1433
tag,Building,57,0.20588,4433,0.07054,2.919,1.0711
tag,Memes,28,0.11111,1702,0.03916,2.837,1.0428
tag,Massively Multiplayer,25,0.10131,1461,0.03639,2.784,1.0238
tag,Survival,78,0.27451,7101,0.10119,2.713,0.998
tag,Base Building,37,0.14052,2846,0.05231,2.687,0.9883
tag,Local Co-Op,32,0.12418,2486,0.04817,2.578,0.947
tag,Crafting,42,0.15686,3841,0.06374,2.461,0.9006
tag,Replay Value,30,0.11765,2513,0.04848,2.427,0.8865
tag,Gore,42,0.15686,3942,0.0649,2.417,0.8826
tag,Team-Based,19,0.0817,1332,0.03491,2.34,0.8502
tag,Funny,95,0.33007,10644,0.1419,2.326,0.8442
tag,Survival Horror,40,0.15033,3966,0.06517,2.307,0.8358
tag,Competitive,15,0.06863,954,0.03057,2.245,0.8087
tag,Colony Sim,14,0.06536,837,0.02922,2.236,0.8049
tag,FPS,49,0.17974,5314,0.08066,2.228,0.8012
tag,First-Person,102,0.35294,12810,0.16678,2.116,0.7496
tag,Beautiful,11,0.05556,580,0.02627,2.115,0.7489
tag,Addictive,9,0.04902,349,0.02362,2.076,0.7302
tag,Classic,10,0.05229,492,0.02526,2.07,0.7275
tag,Management,36,0.13725,4096,0.06667,2.059,0.7221
tag,Blood,10,0.05229,533,0.02573,2.032,0.709
tag,Fast-Paced,20,0.08497,1942,0.04192,2.027,0.7065
tag,City Builder,17,0.07516,1540,0.0373,2.015,0.7006
tag,Local Multiplayer,28,0.11111,3216,0.05656,1.965,0.6753
tag,Mod,6,0.03922,49,0.02017,1.944,0.6648
tag,War,19,0.0817,2066,0.04334,1.885,0.6339
tag,Simulation,116,0.39869,17122,0.21633,1.843,0.6114
tag,4 Player Local,15,0.06863,1623,0.03825,1.794,0.5844
tag,Hack and Slash,26,0.10458,3383,0.05848,1.788,0.5813
tag,Short,17,0.07516,1952,0.04203,1.788,0.5812
tag,Horror,67,0.23856,10256,0.13744,1.736,0.5514
tag,Party Game,7,0.04248,479,0.02511,1.692,0.5258
tag,Atmospheric,112,0.38562,18179,0.22847,1.688,0.5235
tag,Tactical,27,0.10784,3853,0.06388,1.688,0.5237
tag,Lovecraftian,10,0.05229,998,0.03107,1.683,0.5204
tag,Fighting,10,0.05229,1009,0.0312,1.676,0.5163
tag,Comedy,42,0.15686,6452,0.09374,1.673,0.5149
tag,Roguelite,36,0.13725,5485,0.08263,1.661,0.5075
tag,Level Editor,12,0.05882,1380,0.03546,1.659,0.5061
tag,Violent,31,0.12092,4696,0.07356,1.644,0.497
tag,Psychological Horror,42,0.15686,6610,0.09555,1.642,0.4957
tag,Split Screen,8,0.04575,744,0.02816,1.625,0.4855
tag,Touch-Friendly,5,0.03595,247,0.02245,1.602,0.471
tag,Farming Sim,9,0.04902,974,0.0308,1.592,0.4648
tag,Turn-Based,13,0.06209,1711,0.03927,1.581,0.4583
tag,Physics,37,0.14052,6075,0.0894,1.572,0.4522
tag,Destruction,10,0.05229,1212,0.03353,1.559,0.4442
tag,Agriculture,7,0.04248,670,0.02731,1.556,0.442
tag,Souls-like,12,0.05882,1584,0.03781,1.556,0.4421
tag,Military,12,0.05882,1605,0.03805,1.546,0.4357
tag,Dungeon Crawler,21,0.08824,3266,0.05713,1.544,0.4347
tag,Dark Humor,15,0.06863,2166,0.04449,1.542,0.4334
tag,Resource Management,21,0.08824,3284,0.05734,1.539,0.431
tag,Strategy,96,0.33333,17180,0.21699,1.536,0.4293
tag,Free to Play,36,0.13725,6110,0.08981,1.528,0.4242
tag,Realistic,38,0.14379,6525,0.09457,1.52,0.419
tag,Underwater,6,0.03922,541,0.02582,1.519,0.4178
tag,Historical,14,0.06536,2054,0.04321,1.513,0.4139
tag,Roguelike,34,0.13072,5910,0.08751,1.494,0.4013
tag,Post-apocalyptic,18,0.07843,2912,0.05306,1.478,0.3907
tag,Character Customization,28,0.11111,4889,0.07578,1.466,0.3827
tag,Music,9,0.04902,1228,0.03372,1.454,0.3742
tag,Shooter,50,0.18301,9332,0.12682,1.443,0.3667
tag,Story Rich,78,0.27451,15025,0.19223,1.428,0.3563
tag,Swordplay,7,0.04248,885,0.02978,1.427,0.3554
tag,Voxel,6,0.03922,721,0.02789,1.406,0.3408
tag,Automation,7,0.04248,952,0.03055,1.391,0.3299
tag,Mature,17,0.07516,3026,0.05437,1.382,0.3238
tag,RTS,10,0.05229,1616,0.03817,1.37,0.3146
tag,Rhythm,8,0.04575,1213,0.03354,1.364,0.3104
tag,Action,188,0.63399,38766,0.465,1.363,0.31
tag,Economy,11,0.05556,1841,0.04076,1.363,0.3097
tag,Dating Sim,16,0.0719,2887,0.05278,1.362,0.3091
tag,Martial Arts,5,0.03595,591,0.0264,1.362,0.3088
tag,Procedural Generation,23,0.09477,4350,0.06959,1.362,0.3089
tag,Isometric,14,0.06536,2472,0.04801,1.361,0.3085
tag,Perma Death,12,0.05882,2097,0.0437,1.346,0.2972
tag,Singleplayer,243,0.81373,51290,0.60889,1.336,0.29
tag,Stealth,14,0.06536,2568,0.04911,1.331,0.2858
tag,Automobile Sim,6,0.03922,900,0.02995,1.309,0.2696
tag,Early Access,53,0.19281,11212,0.14842,1.299,0.2616
tag,Space Sim,6,0.03922,958,0.03061,1.281,0.2476
tag,RPG,79,0.27778,17180,0.21699,1.28,0.247
tag,Sci-fi,43,0.16013,9270,0.12611,1.27,0.2388
tag,Adventure,169,0.5719,37550,0.45103,1.268,0.2374
tag,PvP,25,0.10131,5280,0.08027,1.262,0.2328
tag,Gun Customization,5,0.03595,777,0.02853,1.26,0.2309
tag,Action Roguelike,21,0.08824,4431,0.07052,1.251,0.2242
tag,Dark,32,0.12418,6940,0.09934,1.25,0.2232
tag,Mythology,7,0.04248,1267,0.03416,1.243,0.2179
tag,Science,5,0.03595,864,0.02953,1.217,0.1965
tag,Medieval,18,0.07843,3943,0.06491,1.208,0.1892
tag,Crime,6,0.03922,1123,0.03251,1.206,0.1875
tag,Metroidvania,9,0.04902,1894,0.04137,1.185,0.1697
tag,Parkour,7,0.04248,1433,0.03607,1.178,0.1636
tag,Driving,7,0.04248,1453,0.0363,1.17,0.1573
tag,Loot,7,0.04248,1460,0.03638,1.168,0.155
tag,Party-Based RPG,6,0.03922,1265,0.03414,1.149,0.1386
tag,Indie,251,0.83987,62205,0.73429,1.144,0.1343
tag,Platformer,42,0.15686,10317,0.13814,1.136,0.1271
tag,Family Friendly,35,0.13399,8737,0.11999,1.117,0.1103
tag,Third Person,31,0.12092,7821,0.10946,1.105,0.0995
tag,Robots,9,0.04902,2200,0.04488,1.092,0.0881
tag,CRPG,5,0.03595,1163,0.03297,1.09,0.0865
tag,Wargame,5,0.03595,1170,0.03305,1.088,0.084
tag,Psychological,9,0.04902,2228,0.04521,1.084,0.081
tag,Cyberpunk,9,0.04902,2241,0.04536,1.081,0.0777
tag,Zombies,11,0.05556,2772,0.05146,1.08,0.0767
tag,Exploration,60,0.21569,15980,0.2032,1.061,0.0596
tag,Card Battler,5,0.03595,1286,0.03438,1.046,0.0445
tag,Mystery,26,0.10458,7015,0.1002,1.044,0.0427
tag,Action RPG,18,0.07843,4841,0.07523,1.043,0.0417
tag,Controller,31,0.12092,8395,0.11606,1.042,0.041
tag,2D,108,0.37255,29709,0.36094,1.032,0.0317
tag,2D Fighter,5,0.03595,1348,0.0351,1.024,0.024
tag,Deckbuilding,6,0.03922,1632,0.03836,1.022,0.0221
tag,Walking Simulator,13,0.06209,3661,0.06167,1.007,0.0068
tag,Education,8,0.04575,2263,0.04561,1.003,0.0031
tag,Dark Fantasy,13,0.06209,3694,0.06205,1.001,0.0007
tag,Board Game,6,0.03922,1707,0.03922,1.0,-0.0001
tag,Tower Defense,7,0.04248,2068,0.04337,0.98,-0.0206
tag,VR,15,0.06863,4415,0.07033,0.976,-0.0245
tag,Racing,10,0.05229,2963,0.05365,0.975,-0.0257
tag,Multiple Endings,22,0.0915,6553,0.0949,0.964,-0.0364
tag,Sexual Content,18,0.07843,5378,0.0814,0.964,-0.0371
tag,Immersive Sim,12,0.05882,3620,0.0612,0.961,-0.0396
tag,Nudity,17,0.07516,5115,0.07837,0.959,-0.0418
tag,Side Scroller,17,0.07516,5151,0.07879,0.954,-0.0471
tag,Cute,48,0.17647,14580,0.18712,0.943,-0.0586
tag,Hentai,8,0.04575,2514,0.04849,0.943,-0.0582
tag,Space,15,0.06863,4637,0.07288,0.942,-0.0602
tag,Beat 'em up,5,0.03595,1618,0.0382,0.941,-0.0607
tag,Anime,29,0.11438,8937,0.12229,0.935,-0.0668
tag,Choices Matter,23,0.09477,7141,0.10165,0.932,-0.0701
tag,Surreal,11,0.05556,3487,0.05967,0.931,-0.0715
tag,Pixel Graphics,50,0.18301,15521,0.19793,0.925,-0.0784
tag,Tabletop,5,0.03595,1677,0.03888,0.925,-0.0783
tag,Fantasy,42,0.15686,13106,0.17018,0.922,-0.0815
tag,Card Game,7,0.04248,2307,0.04611,0.921,-0.082
tag,Idler,5,0.03595,1691,0.03904,0.921,-0.0824
tag,Aliens,6,0.03922,2056,0.04323,0.907,-0.0974
tag,Female Protagonist,26,0.10458,8411,0.11624,0.9,-0.1058
tag,Life Sim,7,0.04248,2440,0.04764,0.892,-0.1146
tag,Psychedelic,5,0.03595,1853,0.0409,0.879,-0.129
tag,Puzzle,54,0.19608,17753,0.22357,0.877,-0.1312
tag,Puzzle Platformer,14,0.06536,4802,0.07478,0.874,-0.1346
tag,Romance,10,0.05229,3525,0.06011,0.87,-0.1394
tag,Thriller,6,0.03922,2226,0.04518,0.868,-0.1416
tag,2.5D,7,0.04248,2636,0.04989,0.851,-0.1608
tag,Turn-Based Strategy,9,0.04902,3308,0.05761,0.851,-0.1615
tag,PvE,17,0.07516,6001,0.08855,0.849,-0.164
tag,Third-Person Shooter,5,0.03595,1986,0.04243,0.847,-0.1657
tag,Supernatural,5,0.03595,2003,0.04262,0.843,-0.1703
tag,Time Management,5,0.03595,2011,0.04271,0.842,-0.1724
tag,Emotional,10,0.05229,3726,0.06242,0.838,-0.1771
tag,Arena Shooter,5,0.03595,2041,0.04306,0.835,-0.1805
tag,NSFW,6,0.03922,2387,0.04703,0.834,-0.1818
tag,Lore-Rich,5,0.03595,2067,0.04336,0.829,-0.1874
tag,Sports,8,0.04575,3218,0.05658,0.809,-0.2124
tag,Bullet Hell,10,0.05229,4004,0.06561,0.797,-0.227
tag,Narration,6,0.03922,2585,0.04931,0.795,-0.229
tag,Drama,10,0.05229,4024,0.06584,0.794,-0.2305
tag,Clicker,6,0.03922,2596,0.04943,0.793,-0.2316
tag,Casual,104,0.35948,38032,0.45656,0.787,-0.2391
tag,1980s,5,0.03595,2294,0.04596,0.782,-0.2458
tag,Point & Click,13,0.06209,5244,0.07986,0.778,-0.2516
tag,LGBTQ+,5,0.03595,2435,0.04758,0.755,-0.2804
tag,Turn-Based Combat,7,0.04248,3268,0.05715,0.743,-0.2966
tag,Hand-drawn,13,0.06209,5618,0.08415,0.738,-0.304
tag,Relaxing,24,0.09804,10384,0.13891,0.706,-0.3485
tag,Retro,21,0.08824,9254,0.12593,0.701,-0.3557
tag,Choose Your Own Adventure,8,0.04575,4015,0.06574,0.696,-0.3624
tag,Cartoony,15,0.06863,7090,0.10107,0.679,-0.3871
tag,Top-Down Shooter,5,0.03595,2921,0.05317,0.676,-0.3914
tag,Score Attack,5,0.03595,3094,0.05516,0.652,-0.4281
tag,Visual Novel,14,0.06536,7068,0.10081,0.648,-0.4334
tag,Colorful,34,0.13072,16430,0.20837,0.627,-0.4663
tag,2D Platformer,14,0.06536,7605,0.10698,0.611,-0.4928
tag,Interactive Fiction,6,0.03922,4123,0.06698,0.586,-0.5353
tag,Cartoon,6,0.03922,4167,0.06748,0.581,-0.5428
tag,Arcade,21,0.08824,11830,0.15552,0.567,-0.5668
tag,Action-Adventure,21,0.08824,11881,0.15611,0.565,-0.5706
tag,Top-Down,14,0.06536,8440,0.11658,0.561,-0.5786
tag,Old School,5,0.03595,4314,0.06917,0.52,-0.6545
tag,Minimalist,8,0.04575,6190,0.09073,0.504,-0.6846
tag,3D,31,0.12092,20933,0.26011,0.465,-0.766
tag,Combat,6,0.03922,9123,0.12442,0.315,-1.1546
tag,Stylized,6,0.03922,9315,0.12663,0.31,-1.1722
