app_id,name,developer,publisher,composite_score,tier,recognition_pct,headroom_pct,fit_pct,review_total,review_positive_ratio,review_score_bucket,owners_range,owners_mid,price_usd,metacritic_score,has_controller_support,is_indie,has_coop,has_multiplayer,release_year,genres,tags,screen_review_total_ge_5000,screen_quality_ge_0.70,screen_owners_le_750k,screen_monetisation_paid,screen_has_controller_support,screen_gamepass_availability
787480,Phoenix Wright: Ace Attorney Trilogy,"CAPCOM Co., Ltd.","CAPCOM Co., Ltd.",0.9703,Anchor,0.9843,0.9435,0.9859,33505,0.9763,Overwhelmingly Positive,"500,000 .. 1,000,000",750000.0,29.99,80,True,False,False,False,2019,Adventure,2D|Adventure|Anime|Classic|Comedy|Conversation|Crime|Cult Classic|Detective|Dynamic Narration|Funny|Great Soundtrack|LGBTQ+|Memes|Mystery,PASS,PASS,PASS,PASS,PASS,PENDING_EXTERNAL_CHECK
1288310,Firework,Shiying Studio,Gamera Games,0.966,Anchor,0.9937,0.9702,0.8964,39637,0.9793,Overwhelmingly Positive,"500,000 .. 1,000,000",750000.0,9.99,,True,True,False,False,2021,Indie,2D|Atmospheric|Conversation|Drama|Hand-drawn|Horror|Indie|Mystery|Narration|Old School|Psychological Horror|Puzzle|Puzzle Platformer|RPG|Retro,PASS,PASS,PASS,PASS,PASS,PENDING_EXTERNAL_CHECK
1135690,Unpacking,Witch Beam,Humble Games,0.9629,Anchor,0.9827,0.9403,0.9576,32385,0.9298,Very Positive,"500,000 .. 1,000,000",750000.0,19.99,83,True,True,False,False,2021,Casual|Indie|Simulation,2D|Atmospheric|Casual|Colorful|Cute|Family Friendly|Female Protagonist|Hidden Object|Indie|Inventory Management|Isometric|LGBTQ+|Life Sim|Pixel Graphics|Point & Click,PASS,PASS,PASS,PASS,PASS,PENDING_EXTERNAL_CHECK
1562700,SANABI,WONDER POTION,NEOWIZ,0.9465,Anchor,0.9765,0.9231,0.9199,30102,0.9745,Overwhelmingly Positive,"500,000 .. 1,000,000",750000.0,14.99,,True,True,False,False,2023,Action|Adventure|Indie,2D|2D Platformer|Action|Action-Adventure|Adventure|Atmospheric|Cyberpunk|Difficult|Dystopian|Great Soundtrack|Indie|Linear|Pixel Graphics|Platformer|Precision Platformer,PASS,PASS,PASS,PASS,PASS,PENDING_EXTERNAL_CHECK
253230,A Hat in Time,Gears for Breakfast,Gears for Breakfast,0.9421,Anchor,1.0,0.9843,0.7378,50390,0.9786,Overwhelmingly Positive,"500,000 .. 1,000,000",750000.0,29.99,79,True,True,True,True,2017,Adventure|Indie,3D Platformer|Action|Adventure|Co-op|Collectathon|Colorful|Comedy|Cute|Exploration|Family Friendly|Female Protagonist|Funny|Great Soundtrack|Indie|Kickstarter,PASS,PASS,PASS,PASS,PASS,PENDING_EXTERNAL_CHECK
2273430,BlazBlue Entropy Effect,91Act,91Act,0.9359,Anchor,0.9325,0.9827,0.8619,23190,0.9447,Very Positive,"200,000 .. 500,000",350000.0,19.99,,True,True,True,True,2024,Action|Adventure|Indie,2D|2D Fighter|2D Platformer|Action|Action Roguelike|Action-Adventure|Adventure|Anime|Cyberpunk|Hack and Slash|Indie|Multiple Endings|Pixel Graphics|Platformer|Post-apocalyptic,PASS,PASS,PASS,PASS,PASS,PENDING_EXTERNAL_CHECK
2593370,The Hungry Lamb: Traveling in the Late Ming Dynasty,零创游戏(ZerocreationGame),"零创游戏(ZerocreationGame), 2P Games",0.9294,Anchor,0.9922,0.9655,0.7253,38601,0.967,Overwhelmingly Positive,"500,000 .. 1,000,000",750000.0,7.49,,True,True,False,False,2024,Adventure|Indie|RPG,Adventure|Anime|Casual|Cooking|Cute|Dark|Dating Sim|Drama|Historical|Interactive Fiction|Medieval|Multiple Endings|Mystery|Psychological Horror|RPG,PASS,PASS,PASS,PASS,PASS,PENDING_EXTERNAL_CHECK
413420,Danganronpa 2: Goodbye Despair,"Spike Chunsoft Co., Ltd., Abstraction Games","Spike Chunsoft Co., Ltd.",0.9064,Anchor,0.9529,0.8462,0.9074,25177,0.9636,Overwhelmingly Positive,"500,000 .. 1,000,000",750000.0,19.99,83,True,False,False,False,2016,Adventure,Adventure|Anime|Atmospheric|Comedy|Dark|Dark Comedy|Dating Sim|Detective|Funny|Great Soundtrack|Horror|Mature|Memes|Mystery|Psychological Horror,PASS,PASS,PASS,PASS,PASS,PENDING_EXTERNAL_CHECK
1055540,A Short Hike,adamgryu,adamgryu,0.9057,Anchor,0.8556,0.9639,0.9168,17323,0.992,Overwhelmingly Positive,"200,000 .. 500,000",350000.0,7.99,82,True,True,False,False,2019,Adventure|Indie,3D Platformer|Adventure|Beautiful|Casual|Cute|Exploration|Family Friendly|Female Protagonist|Flight|Funny|Great Soundtrack|Indie|Nature|Open World|Pixel Graphics,PASS,PASS,PASS,PASS,PASS,PENDING_EXTERNAL_CHECK
960170,DJMAX RESPECT V,NEOWIZ,NEOWIZ,0.9016,Anchor,0.9623,0.8823,0.7991,26951,0.8891,Very Positive,"500,000 .. 1,000,000",750000.0,49.99,,True,False,False,True,2020,Action|Casual|Sports,2D|3D|Action|Anime|Arcade|Casual|Competitive|Cute|Difficult|Early Access|Fantasy|Great Soundtrack|Multiplayer|Music|Pixel Graphics,PASS,PASS,PASS,PASS,PASS,PENDING_EXTERNAL_CHECK
1659420,UNCHARTED™: Legacy of Thieves Collection,"Naughty Dog LLC, Iron Galaxy Studios",PlayStation Publishing LLC,0.895,Anchor,0.9419,0.8257,0.9105,24060,0.8992,Very Positive,"500,000 .. 1,000,000",750000.0,49.99,,True,False,False,False,2022,Adventure,Action|Action-Adventure|Adventure|Atmospheric|Cinematic|Combat|Controller|Exploration|Female Protagonist|Funny|Multiplayer|Parkour|Platformer|Puzzle|Shooter,PASS,PASS,PASS,PASS,PASS,PENDING_EXTERNAL_CHECK
1256670,Library Of Ruina,ProjectMoon,ProjectMoon,0.8902,Anchor,0.9702,0.9058,0.6829,29181,0.9368,Very Positive,"500,000 .. 1,000,000",750000.0,29.99,,True,True,False,False,2021,Indie|RPG|Strategy,2D|Action|Anime|Card Battler|Card Game|Deckbuilding|Difficult|Gore|Great Soundtrack|Horror|Indie|Psychological Horror|RPG|Singleplayer|Story Rich,PASS,PASS,PASS,PASS,PASS,PENDING_EXTERNAL_CHECK
1876890,Wandering Sword,The Swordman Studio,Spiral Up Games,0.8882,Depth,0.9058,0.9749,0.697,19877,0.9335,Very Positive,"200,000 .. 500,000",350000.0,24.99,,True,True,False,False,2023,Adventure|Indie|RPG|Strategy,1990's|2.5D|Action RPG|Adventure|Drama|Foreign|Martial Arts|Open World|Pixel Graphics|RPG|Silent Protagonist|Singleplayer|Story Rich|Strategy|Swordplay,PASS,PASS,PASS,PASS,PASS,PENDING_EXTERNAL_CHECK
1880330,Sanfu,Shiying Studio,Gamera Games,0.8861,Depth,0.825,0.9482,0.9152,15929,0.8253,Very Positive,"200,000 .. 500,000",350000.0,10.99,,True,True,False,False,2023,Adventure|Indie|RPG,2D|Adventure|Atmospheric|Colorful|Crime|Detective|Drama|Emotional|Fantasy|Hand-drawn|Investigation|Mystery|Old School|Puzzle|Puzzle Platformer,PASS,PASS,PASS,PASS,PASS,PENDING_EXTERNAL_CHECK
1931770,Chants of Sennaar,Rundisc,Focus Entertainment,0.8853,Anchor,0.843,0.9576,0.854,17036,0.9837,Overwhelmingly Positive,"200,000 .. 500,000",350000.0,12.99,86,True,True,False,False,2023,Adventure|Indie,Action-Adventure|Adventure|Atmospheric|Colorful|Detective|Difficult|Exploration|Great Soundtrack|Indie|Mystery|Mythology|Point & Click|Puzzle|Puzzle Platformer|Relaxing,PASS,PASS,PASS,PASS,PASS,PENDING_EXTERNAL_CHECK
501300,What Remains of Edith Finch,Giant Sparrow,Annapurna Interactive,0.8825,Anchor,0.9953,0.9717,0.4725,41326,0.9572,Overwhelmingly Positive,"500,000 .. 1,000,000",750000.0,19.99,89,True,True,False,False,2017,Adventure|Indie,Adventure|Atmospheric|Dark|Drama|Exploration|Female Protagonist|First-Person|Great Soundtrack|Horror|Indie|Lovecraftian|Mystery|Narration|Psychological Horror|Puzzle,PASS,PASS,PASS,PASS,PASS,PENDING_EXTERNAL_CHECK
653530,Return of the Obra Dinn,Lucas Pope,3909,0.8819,Anchor,0.9592,0.8728,0.7237,26518,0.9682,Overwhelmingly Positive,"500,000 .. 1,000,000",750000.0,13.39,89,True,True,False,False,2018,Adventure|Indie,Adventure|Atmospheric|Detective|Difficult|First-Person|Great Soundtrack|Historical|Horror|Indie|Multiple Endings|Mystery|Naval|Noir|Pirates|Puzzle,PASS,PASS,PASS,PASS,PASS,PENDING_EXTERNAL_CHECK
736260,Baba Is You,Hempuli Oy,Hempuli Oy,0.88,Anchor,0.9152,0.7661,1.0,20757,0.978,Overwhelmingly Positive,"500,000 .. 1,000,000",750000.0,14.99,87,True,True,False,False,2019,Indie,2D|Atmospheric|Casual|Cute|Difficult|Funny|Great Soundtrack|Indie|Level Editor|Logic|Minimalist|Pixel Graphics|Programming|Puzzle|Retro,PASS,PASS,PASS,PASS,PASS,PENDING_EXTERNAL_CHECK
1817230,Hi-Fi RUSH,Tango Gameworks,Bethesda Softworks,0.8773,Anchor,0.9796,0.9341,0.5479,31971,0.9739,Overwhelmingly Positive,"500,000 .. 1,000,000",750000.0,29.99,90,True,False,False,False,2023,Action,Action|Action-Adventure|Adventure|Anime|Beat 'em up|Cartoony|Character Action Game|Colorful|Comedy|Cyberpunk|Great Soundtrack|Hack and Slash|Music|Platformer|Rhythm,PASS,PASS,PASS,PASS,PASS,PENDING_EXTERNAL_CHECK
1369630,ENDER LILIES: Quietus of the Knights,"Live Wire, Adglobe",Binary Haze Interactive,0.8751,Anchor,0.9859,0.9529,0.4898,35018,0.9417,Very Positive,"500,000 .. 1,000,000",750000.0,24.99,86,True,True,False,False,2021,Action|Indie|RPG,2D|Action|Action RPG|Anime|Atmospheric|Dark|Dark Fantasy|Difficult|Dragons|Female Protagonist|Great Soundtrack|Hand-drawn|Indie|Medieval|Metroidvania,PASS,PASS,PASS,PASS,PASS,PENDING_EXTERNAL_CHECK
774181,Rhythm Doctor,7th Beat Games,"7th Beat Games, indienova",0.8749,Anchor,0.9121,0.7582,0.9953,20321,0.9844,Overwhelmingly Positive,"500,000 .. 1,000,000",750000.0,15.99,,True,True,True,True,2021,Early Access|Indie,2D|Action|Adventure|Anime|Arcade|Co-op|Comedy|Cute|Early Access|Funny|Indie|Level Editor|Local Co-Op|Local Multiplayer|Modern,PASS,PASS,PASS,PASS,PASS,PENDING_EXTERNAL_CHECK
2218750,Halls of Torment,Chasing Carrots,Chasing Carrots,0.8743,Anchor,0.9513,0.8399,0.7614,24864,0.9589,Overwhelmingly Positive,"500,000 .. 1,000,000",750000.0,4.99,88,True,True,False,False,2024,Action|Indie|RPG,2D|Action|Action RPG|Action Roguelike|Arcade|Atmospheric|Bullet Hell|Dark|Dark Fantasy|Demons|Fantasy|Gothic|Hack and Slash|Medieval|Pixel Graphics,PASS,PASS,PASS,PASS,PASS,PENDING_EXTERNAL_CHECK
1189630,Path Of Wuxia,香港商河洛互動娛樂股份有限公司,香港商河洛互動娛樂股份有限公司,0.873,Anchor,0.9749,0.9215,0.5589,30091,0.7859,Mostly Positive,"500,000 .. 1,000,000",750000.0,34.99,,True,True,False,False,2022,Indie|RPG,Anime|Character Customization|Choices Matter|Dating Sim|Early Access|Female Protagonist|Indie|Martial Arts|RPG|Simulation|Story Rich|Time Management|Turn-Based|Turn-Based Combat,PASS,PASS,PASS,PASS,PASS,PENDING_EXTERNAL_CHECK
953490,CARRION,Phobia Game Studio,Devolver Digital,0.8703,Anchor,0.9498,0.8383,0.7473,24708,0.9453,Very Positive,"500,000 .. 1,000,000",750000.0,19.99,75,True,True,False,False,2020,Action|Adventure|Indie,2D|Action|Adventure|Atmospheric|Blood|Gore|Great Soundtrack|Horror|Indie|Lovecraftian|Mature|Metroidvania|Physics|Pixel Graphics|Platformer,PASS,PASS,PASS,PASS,PASS,PENDING_EXTERNAL_CHECK
638230,Journey,thatgamecompany,Annapurna Interactive,0.8699,Anchor,0.9812,0.9388,0.4992,32370,0.9442,Very Positive,"500,000 .. 1,000,000",750000.0,14.99,,True,True,True,True,2020,Adventure|Indie,3D|Adventure|Atmospheric|Beautiful|Casual|Classic|Co-op|Exploration|Family Friendly|Great Soundtrack|Indie|Multiplayer|Music|Mystery|Narrative,PASS,PASS,PASS,PASS,PASS,PENDING_EXTERNAL_CHECK
578650,The Outer Worlds,Obsidian Entertainment,Private Division,0.8652,Anchor,0.9545,0.8493,0.6923,25181,0.8375,Very Positive,"500,000 .. 1,000,000",750000.0,29.99,82,True,False,False,False,2020,RPG,Action|Action RPG|Action-Adventure|Adventure|Character Customization|Choices Matter|Colorful|Comedy|Exploration|FPS|First-Person|Funny|Open World|PvE|RPG,PASS,PASS,PASS,PASS,PASS,PENDING_EXTERNAL_CHECK
1144400,Senren＊Banka,YUZUSOFT,"HIKARI FIELD, NekoNyan Ltd.",0.8624,Anchor,0.9608,0.8807,0.6091,26756,0.9899,Overwhelmingly Positive,"500,000 .. 1,000,000",750000.0,34.99,,True,False,False,False,2020,Adventure|Casual,Action|Adventure|Anime|Casual|Choices Matter|Comedy|Cute|Dating Sim|Family Friendly|First-Person|Great Soundtrack|Multiple Endings|NSFW|RPG|Romance,PASS,PASS,PASS,PASS,PASS,PENDING_EXTERNAL_CHECK
1088850,Marvel's Guardians of the Galaxy,Eidos-Montréal,Eidos Interactive Corp.,0.8604,Anchor,0.9874,0.9545,0.4097,35789,0.9425,Very Positive,"500,000 .. 1,000,000",750000.0,59.99,,True,False,False,False,2021,Action|Adventure,Action|Action-Adventure|Adventure|Aliens|Atmospheric|Choices Matter|Cinematic|Comedy|Exploration|Great Soundtrack|Open World|RPG|Sci-fi|Shooter|Singleplayer,PASS,PASS,PASS,PASS,PASS,PENDING_EXTERNAL_CHECK
2161700,Persona 3 Reload,ATLUS,SEGA,0.8584,Anchor,0.9717,0.9089,0.5149,29312,0.9393,Very Positive,"500,000 .. 1,000,000",750000.0,69.99,89,True,False,False,False,2024,Adventure|RPG|Strategy,Adventure|Anime|Colorful|Dark|Dating Sim|Detective|Emotional|Great Soundtrack|JRPG|Multiple Endings|Mystery|Party-Based RPG|RPG|Story Rich|Strategy,PASS,PASS,PASS,PASS,PASS,PENDING_EXTERNAL_CHECK
1210320,Potion Craft: Alchemist Simulator,niceplay games,tinyBuild,0.85,Anchor,0.978,0.9325,0.4176,31904,0.9137,Very Positive,"500,000 .. 1,000,000",750000.0,19.99,,True,True,False,False,2022,Indie|Simulation,2D|Capitalism|Casual|Choices Matter|Crafting|Farming Sim|Hand-drawn|Historical|Indie|Life Sim|Management|Medieval|Point & Click|RPG|Relaxing,PASS,PASS,PASS,PASS,PASS,PENDING_EXTERNAL_CHECK
241600,Rogue Legacy,Cellar Door Games,Cellar Door Games,0.8457,Anchor,0.8838,0.9686,0.5447,18349,0.9272,Very Positive,"200,000 .. 500,000",350000.0,14.99,85,True,True,False,False,2013,Action|Adventure|Indie|RPG,2D|Action|Action Roguelike|Addictive|Adventure|Arcade|Controller|Exploration|Fantasy|Indie|Medieval|Metroidvania|Pixel Graphics|Platformer|RPG,PASS,PASS,PASS,PASS,PASS,PENDING_EXTERNAL_CHECK
813230,ANIMAL WELL,Billy Basso,Bigmode,0.8415,Anchor,0.7614,0.9168,0.8901,13990,0.9588,Overwhelmingly Positive,"200,000 .. 500,000",350000.0,24.99,91,True,True,False,False,2024,Action|Adventure|Indie,2D|Action|Adventure|Atmospheric|Controller|Cute|Exploration|Horror|Indie|Metroidvania|Mystery|Nonlinear|Pixel Graphics|Platformer|Puzzle,PASS,PASS,PASS,PASS,PASS,PENDING_EXTERNAL_CHECK
1584090,Touhou Mystia's Izakaya,"二色幽紫蝶, Re零同人社","二色幽紫蝶, Re零同人社",0.8391,Anchor,0.9356,0.8132,0.6672,23399,0.9864,Overwhelmingly Positive,"500,000 .. 1,000,000",750000.0,4.79,,True,True,False,False,2021,Casual|Indie|RPG|Simulation,1990's|2D|Anime|Capitalism|Cartoon|Casual|Clicker|Comedy|Cooking|Drama|Economy|Faith|Female Protagonist|JRPG|Old School,PASS,PASS,PASS,PASS,PASS,PENDING_EXTERNAL_CHECK
1627720,Lies of P,NEOWIZ,NEOWIZ,0.837,Anchor,0.9969,0.9733,0.2386,41414,0.9239,Very Positive,"500,000 .. 1,000,000",750000.0,59.99,,True,False,False,False,2023,Action|Adventure|RPG,3D|Action|Action RPG|Adventure|Atmospheric|Choices Matter|Dark|Dark Fantasy|Difficult|Exploration|Gothic|Multiple Endings|RPG|Replay Value|Singleplayer,PASS,PASS,PASS,PASS,PASS,PENDING_EXTERNAL_CHECK
1693980,Dead Space,Motive,Electronic Arts,0.8356,Anchor,0.9984,0.9765,0.2229,43575,0.9067,Very Positive,"500,000 .. 1,000,000",750000.0,59.99,87,True,False,False,False,2023,Action|Adventure,Action|Action-Adventure|Adventure|Aliens|Atmospheric|Blood|Combat|Dark|Horror|Psychological Horror|Remake|Sci-fi|Shooter|Singleplayer|Space,PASS,PASS,PASS,PASS,PASS,PENDING_EXTERNAL_CHECK
858210,Nova Drift,Chimeric,Pixeljam,0.8352,Depth,0.7221,0.9906,0.8179,12772,0.9565,Overwhelmingly Positive,"100,000 .. 200,000",150000.0,17.99,,True,True,False,False,2024,Action|Indie,2D|Action|Action RPG|Action Roguelike|Arcade|Arena Shooter|Bullet Hell|Casual|Colorful|Early Access|Great Soundtrack|Indie|Replay Value|Retro|Roguelike,PASS,PASS,PASS,PASS,PASS,PENDING_EXTERNAL_CHECK
1703340,The Stanley Parable: Ultra Deluxe,Crows Crows Crows,Crows Crows Crows,0.8323,Anchor,0.9655,0.8901,0.4317,28048,0.9421,Very Positive,"500,000 .. 1,000,000",750000.0,24.99,,True,True,False,False,2022,Adventure|Casual|Indie,3D|Adventure|Atmospheric|Casual|Choices Matter|Comedy|Dark Humor|Emotional|Exploration|First-Person|Funny|Game Development|Horror|Multiple Endings|Mystery,PASS,PASS,PASS,PASS,PASS,PENDING_EXTERNAL_CHECK
1948280,Stacklands,Sokpop Collective,Sokpop Collective,0.8323,Anchor,0.9451,0.8336,0.5761,24557,0.9653,Overwhelmingly Positive,"500,000 .. 1,000,000",750000.0,7.99,,True,True,False,False,2022,Casual|Indie|Simulation,2D|Building|Card Battler|Card Game|Casual|City Builder|Colorful|Cute|Deckbuilding|Fantasy|Hand-drawn|Indie|Management|Roguelite|Simulation,PASS,PASS,PASS,PASS,PASS,PENDING_EXTERNAL_CHECK
303210,The Beginner's Guide,Everything Unlimited Ltd.,Everything Unlimited Ltd.,0.8314,Anchor,0.9184,0.7739,0.7363,21206,0.8793,Very Positive,"500,000 .. 1,000,000",750000.0,9.99,,True,True,False,False,2015,Adventure|Indie,Abstract|Adventure|Atmospheric|Dark|Emotional|Experience|Experimental|First-Person|Great Soundtrack|Indie|Narration|Philosophical|Psychological|Psychological Horror|Puzzle,PASS,PASS,PASS,PASS,PASS,PENDING_EXTERNAL_CHECK
2321470,Deep Rock Galactic: Survivor,Funday Games,Ghost Ship Publishing,0.8265,Anchor,0.9686,0.9042,0.3705,29128,0.855,Very Positive,"500,000 .. 1,000,000",750000.0,9.99,,True,False,False,False,,Action|Early Access,Action|Action Roguelike|Aliens|Arcade|Arena Shooter|Atmospheric|Bullet Hell|Combat|Dark|Dwarf|Early Access|Procedural Generation|PvE|Roguelite|Sci-fi,PASS,PASS,PASS,PASS,PASS,PENDING_EXTERNAL_CHECK
359870,FINAL FANTASY X/X-2 HD Remaster,Square Enix,Square Enix,0.8257,Depth,0.8885,0.7206,0.8681,18632,0.9018,Very Positive,"500,000 .. 1,000,000",750000.0,29.99,,True,False,False,False,2016,RPG,Action|Adventure|Anime|Atmospheric|Classic|Fantasy|Female Protagonist|Great Soundtrack|JRPG|Linear|Open World|Puzzle|RPG|Remake|Romance,PASS,PASS,PASS,PASS,PASS,PENDING_EXTERNAL_CHECK
1237320,Sonic Frontiers,Sonic Team,SEGA,0.8257,Anchor,0.9231,0.9812,0.3344,22080,0.9091,Very Positive,"200,000 .. 500,000",350000.0,59.99,,True,False,False,False,2022,Action|Adventure,3D|3D Platformer|Action|Action RPG|Action-Adventure|Adventure|Colorful|Combat|Comedy|Exploration|Fantasy|Fast-Paced|Great Soundtrack|Lore-Rich|Mature,PASS,PASS,PASS,PASS,PASS,PENDING_EXTERNAL_CHECK
512900,Streets of Rogue,Matt Dabrowski,tinyBuild,0.8226,Anchor,0.9199,0.7755,0.686,21224,0.9613,Overwhelmingly Positive,"500,000 .. 1,000,000",750000.0,19.99,,True,True,True,True,2019,Action|Adventure|Indie|RPG,2D|Action|Action Roguelike|Adventure|Co-op|Funny|Gore|Great Soundtrack|Immersive Sim|Indie|Local Co-Op|Multiplayer|Online Co-Op|Pixel Graphics|Procedural Generation,PASS,PASS,PASS,PASS,PASS,PENDING_EXTERNAL_CHECK
362930,Garfield Kart,Artefacts Studio,Microids,0.8206,Low-cost option,0.763,0.9922,0.6499,14014,0.8773,Very Positive,"100,000 .. 200,000",150000.0,4.99,,True,False,False,False,,Racing,Action|Aliens|Beautiful|Capitalism|Casual|Classic|Co-op|Combat Racing|Comedy|Competitive|Cult Classic|Cute|Family Friendly|Multiplayer|Platformer,PASS,PASS,PASS,PASS,PASS,PENDING_EXTERNAL_CHECK
213610,Sonic Adventure 2,SEGA,SEGA,0.8159,Anchor,0.9215,0.7786,0.6436,21688,0.8865,Very Positive,"500,000 .. 1,000,000",750000.0,9.99,,True,False,False,True,2012,Action,3D|3D Platformer|Action|Adventure|Classic|Comedy|Family Friendly|Fast-Paced|Great Soundtrack|Local Multiplayer|Multiplayer|Platformer|Racing|Replay Value|Retro,PASS,PASS,PASS,PASS,PASS,PENDING_EXTERNAL_CHECK
1102130,Florence,Mountains,Annapurna Interactive,0.8148,Depth,0.7331,0.8885,0.8697,12982,0.9344,Very Positive,"200,000 .. 500,000",350000.0,5.99,,True,True,False,False,,Adventure|Casual|Indie,2D|Adventure|Casual|Colorful|Cute|Dating Sim|Drama|Family Friendly|Female Protagonist|Indie|Interactive Fiction|Music|Narrative|Point & Click|Romance,PASS,PASS,PASS,PASS,PASS,PENDING_EXTERNAL_CHECK
330020,Children of Morta,Dead Mage,11 bit studios,0.8116,Anchor,0.9105,0.7535,0.6907,19988,0.89,Very Positive,"500,000 .. 1,000,000",750000.0,6.59,82,True,True,True,True,2019,Action|Adventure|Indie|RPG,2D|Action|Action RPG|Action Roguelike|Action-Adventure|Co-op|Dungeon Crawler|Fantasy|Hack and Slash|Isometric|Local Co-Op|Multiplayer|Online Co-Op|Pixel Graphics|Procedural Generation,PASS,PASS,PASS,PASS,PASS,PENDING_EXTERNAL_CHECK
1205450,Turnip Boy Commits Tax Evasion,Snoozy Kazoo,Graffiti Games,0.8108,Anchor,0.6954,0.8634,0.978,11984,0.9472,Very Positive,"200,000 .. 500,000",350000.0,5.09,72,True,True,False,False,2021,Action|Adventure|Casual|Indie,2D|Action|Adventure|Cartoony|Casual|Comedy|Crime|Cute|Exploration|Funny|Great Soundtrack|Indie|Memes|Pixel Graphics|Psychological Horror,PASS,PASS,PASS,PASS,PASS,PENDING_EXTERNAL_CHECK
406150,Refunct,Dominique Grieshofer,Dominique Grieshofer,0.8106,Low-cost option,0.8524,0.9608,0.4537,17257,0.9586,Overwhelmingly Positive,"200,000 .. 500,000",350000.0,2.99,,True,True,False,False,2015,Adventure|Casual|Indie,3D Platformer|Adventure|Atmospheric|Beautiful|Casual|Colorful|Cute|Exploration|Family Friendly|First-Person|Great Soundtrack|Open World|Parkour|Platformer|Puzzle Platformer,PASS,PASS,PASS,PASS,PASS,PENDING_EXTERNAL_CHECK
1462040,FINAL FANTASY VII REMAKE INTERGRADE,Square Enix,Square Enix,0.8097,Anchor,0.9733,0.9105,0.2653,29367,0.8892,Very Positive,"500,000 .. 1,000,000",750000.0,69.99,,True,False,False,False,,Action|Adventure|RPG,3D|3D Platformer|Action|Action RPG|Action-Adventure|Adventure|Cinematic|Controller|Drama|Fantasy|JRPG|Magic|Party-Based RPG|RPG|Realistic,PASS,PASS,PASS,PASS,PASS,PENDING_EXTERNAL_CHECK
400910,Rabi-Ribi,"CreSpirit, GemaYue",CreSpirit,0.8068,Depth,0.6797,0.989,0.7739,11614,0.96,Overwhelmingly Positive,"100,000 .. 200,000",150000.0,17.99,,True,True,False,False,2016,Action|Adventure|Casual|Indie,2D|Action|Action-Adventure|Adventure|Anime|Bullet Hell|Colorful|Crowdfunded|Cute|Difficult|Exploration|Fantasy|Female Protagonist|Indie|Magic,PASS,PASS,PASS,PASS,PASS,PENDING_EXTERNAL_CHECK
1296610,Peglin,Red Nexus Games Inc.,"Red Nexus Games Inc., IndieArk",0.8067,Depth,0.7096,0.8776,0.9011,12451,0.8133,Very Positive,"200,000 .. 500,000",350000.0,19.99,,True,True,False,False,2024,Casual|Indie|RPG|Strategy,2D|Casual|Cute|Deckbuilding|Early Access|Fantasy|Indie|Perma Death|Physics|Pinball|Pixel Graphics|RPG|Replay Value|Retro|Roguelike,PASS,PASS,PASS,PASS,PASS,PENDING_EXTERNAL_CHECK
1971650,OCTOPATH TRAVELER II,"Square Enix, ACQUIRE Corp.",Square Enix,0.8038,Depth,0.697,0.865,0.9372,11993,0.9526,Overwhelmingly Positive,"200,000 .. 500,000",350000.0,59.99,,True,False,False,False,2023,RPG,2.5D|Adventure|Anime|Atmospheric|Casual|Choices Matter|Cute|Emotional|Fantasy|JRPG|Magic|Open World|Party-Based RPG|Pixel Graphics|RPG,PASS,PASS,PASS,PASS,PASS,PENDING_EXTERNAL_CHECK
1465360,SnowRunner,Saber Interactive,Focus Entertainment,0.7936,Anchor,0.989,0.9592,0.0644,36679,0.8951,Very Positive,"500,000 .. 1,000,000",750000.0,14.99,,True,False,True,True,2021,Adventure|Simulation,ATV|Adventure|Atmospheric|Automobile Sim|Driving|Exploration|First-Person|Immersive Sim|Multiplayer|Nature|Open World|Physics|PvE|Racing|Realistic,PASS,PASS,PASS,PASS,PASS,PENDING_EXTERNAL_CHECK
384190,ABZU,Giant Squid,505 Games,0.792,Anchor,0.9576,0.854,0.3108,25304,0.929,Very Positive,"500,000 .. 1,000,000",750000.0,19.99,83,True,True,False,False,2016,Adventure|Casual|Indie|Simulation,Adventure|Atmospheric|Beautiful|Casual|Colorful|Controller|Exploration|Family Friendly|Fantasy|Great Soundtrack|Indie|Open World|Relaxing|Short|Simulation,PASS,PASS,PASS,PASS,PASS,PENDING_EXTERNAL_CHECK
330830,Tales from the Borderlands,Telltale Games,2K,0.7917,Depth,0.8603,0.675,0.8414,17452,0.9522,Overwhelmingly Positive,"500,000 .. 1,000,000",750000.0,19.99,,True,False,False,False,2021,Adventure,Action|Adventure|Atmospheric|Casual|Choices Matter|Choose Your Own Adventure|Comedy|Dark Humor|Episodic|Female Protagonist|Funny|Great Soundtrack|Memes|Point & Click|Quick-Time Events,PASS,PASS,PASS,PASS,PASS,PENDING_EXTERNAL_CHECK
1746030,Murders on the Yangtze River,OMEGAMES STUDIO,"OMEGAMES STUDIO, NPC Entertainment",0.7911,Depth,0.7535,0.9074,0.6719,13627,0.9749,Overwhelmingly Positive,"200,000 .. 500,000",350000.0,11.99,,True,True,False,False,2024,Adventure|Indie|RPG,2D|Adventure|Colorful|Detective|Drama|Exploration|First-Person|Historical|Indie|Investigation|Logic|Lore-Rich|Mystery|Old School|Puzzle,PASS,PASS,PASS,PASS,PASS,PENDING_EXTERNAL_CHECK
1361510,Teenage Mutant Ninja Turtles: Shredder's Revenge,Tribute Games Inc.,"Dotemu, Gamera Games",0.7905,Depth,0.741,0.8932,0.7221,13209,0.9434,Very Positive,"200,000 .. 500,000",350000.0,24.99,,True,True,True,True,,Action|Adventure|Casual|Indie,2D|Action|Action-Adventure|Adventure|Arcade|Atmospheric|Beat 'em up|Cartoon|Co-op Campaign|Colorful|Comic Book|Family Friendly|Indie|Local Co-Op|Martial Arts,PASS,PASS,PASS,PASS,PASS,PENDING_EXTERNAL_CHECK
2378900,The Coffin of Andy and Leyley,Kit9 Studio,Kit9 Studio,0.7878,Anchor,0.9372,0.8163,0.4019,23530,0.9659,Overwhelmingly Positive,"500,000 .. 1,000,000",750000.0,9.99,,True,False,False,False,,Adventure|Early Access|RPG,Adventure|Choices Matter|Dark|Dark Comedy|Demons|Drama|Early Access|Exploration|Female Protagonist|Hand-drawn|Horror|Multiple Endings|Psychological|Puzzle|RPG,PASS,PASS,PASS,PASS,PASS,PENDING_EXTERNAL_CHECK
1229380,Everhood,"Chris Nordgren, Jordi Roca","Foreign Gnomes, Surefire.Games",0.7872,Anchor,0.7111,0.8791,0.7975,12458,0.9538,Overwhelmingly Positive,"200,000 .. 500,000",350000.0,9.99,83,True,True,False,False,2021,Action|Adventure|Indie|RPG,2.5D|2D|Action|Action-Adventure|Adventure|Bullet Hell|Colorful|Epic|Great Soundtrack|Indie|Level Editor|Multiple Endings|Music|Pixel Graphics|Psychedelic,PASS,PASS,PASS,PASS,PASS,PENDING_EXTERNAL_CHECK
350080,Wolfenstein: The Old Blood,MachineGames,Bethesda Softworks,0.7842,Anchor,0.9011,0.7457,0.5887,19636,0.8988,Very Positive,"500,000 .. 1,000,000",750000.0,19.99,76,True,False,False,False,2015,Action,Action|Adventure|Alternate History|Atmospheric|Blood|FPS|First-Person|Funny|Gore|Horror|Mature|Multiplayer|Sci-fi|Shooter|Singleplayer,PASS,PASS,PASS,PASS,PASS,PENDING_EXTERNAL_CHECK
1449690,The Walking Dead: The Telltale Definitive Series,Skybound Games,Skybound Games,0.7839,Anchor,0.9309,0.8069,0.4129,23121,0.9651,Overwhelmingly Positive,"500,000 .. 1,000,000",750000.0,49.99,,True,False,False,False,2020,Adventure,3D|Adventure|Atmospheric|Choices Matter|Choose Your Own Adventure|Comic Book|Conversation|Dark|Dynamic Narration|Dystopian|Horror|Interactive Fiction|Multiple Endings|Narration|Point & Click,PASS,PASS,PASS,PASS,PASS,PENDING_EXTERNAL_CHECK
242860,Verdun,BlackMill Games,BlackMill Games,0.7838,Anchor,0.9906,0.9623,0.0063,37045,0.8609,Very Positive,"500,000 .. 1,000,000",750000.0,14.99,70,True,True,False,True,2015,Action|Indie|Massively Multiplayer|Simulation|Strategy,Action|Atmospheric|Co-op|FPS|First-Person|Gore|Historical|Massively Multiplayer|Military|Multiplayer|PvP|Realistic|Shooter|Simulation|Strategy,PASS,PASS,PASS,PASS,PASS,PENDING_EXTERNAL_CHECK
1149620,Gas Station Simulator,DRAGO entertainment,"DRAGO entertainment, Movie Games S.A., HeartBeat Games",0.7829,Anchor,0.9341,0.8116,0.3925,23366,0.8794,Very Positive,"500,000 .. 1,000,000",750000.0,19.99,72,True,True,False,False,2021,Indie|Simulation,Base Building|Building|Casual|Choices Matter|Crafting|Design & Illustration|Destruction|Economy|Family Friendly|First-Person|Funny|Indie|Management|Memes|Multiplayer,PASS,PASS,PASS,PASS,PASS,PENDING_EXTERNAL_CHECK
368340,CrossCode,Radical Fish Games,"Deck13, WhisperGames, DANGEN Entertainment, Mayflower Entertainment",0.7821,Anchor,0.832,0.6248,0.9451,16186,0.9327,Very Positive,"500,000 .. 1,000,000",750000.0,19.99,86,True,True,False,False,2018,Action|Adventure|Indie|RPG,2D|Action|Action RPG|Action-Adventure|Adventure|Anime|Cyberpunk|Difficult|Female Protagonist|Great Soundtrack|Indie|JRPG|Open World|Pixel Graphics|Puzzle,PASS,PASS,PASS,PASS,PASS,PENDING_EXTERNAL_CHECK
609320,FAR: Lone Sails,Okomotive,Assemble Entertainment,0.7811,Anchor,0.8948,0.7394,0.5981,19532,0.9484,Very Positive,"500,000 .. 1,000,000",750000.0,14.99,80,True,True,False,False,2018,Action|Adventure|Indie,2.5D|Action|Action-Adventure|Adventure|Atmospheric|Cinematic|Driving|Experience|Exploration|Indie|Nature|Platformer|Post-apocalyptic|Puzzle|Puzzle Platformer,PASS,PASS,PASS,PASS,PASS,PENDING_EXTERNAL_CHECK
1629520,A Little to the Left,Max Inferno,Secret Mode,0.7772,Anchor,0.6468,0.8195,0.9969,11060,0.9215,Very Positive,"200,000 .. 500,000",350000.0,14.99,75,True,True,False,False,2022,Casual|Indie,2D|Casual|Cats|Colorful|Cozy|Cute|Family Friendly|Funny|Hand-drawn|Hidden Object|Indie|Linear|Logic|Pixel Graphics|Point & Click,PASS,PASS,PASS,PASS,PASS,PENDING_EXTERNAL_CHECK
493490,City Car Driving,"Forward Development, Ltd.","Forward Global Group, Ltd.",0.7767,Anchor,0.9639,0.8838,0.168,27084,0.8193,Very Positive,"500,000 .. 1,000,000",750000.0,24.99,,True,True,False,False,2016,Indie|Racing|Simulation,Adventure|Automobile Sim|Casual|Driving|Education|Family Friendly|First-Person|Horror|Indie|Moddable|Multiplayer|Open World|Physics|Psychological Horror|Racing,PASS,PASS,PASS,PASS,PASS,PENDING_EXTERNAL_CHECK
714120,Little Misfortune,Killmonday Games AB,Killmonday Games AB,0.7677,Anchor,0.6421,0.8179,0.9623,10999,0.9177,Very Positive,"200,000 .. 500,000",350000.0,19.99,57,True,True,False,False,2019,Adventure|Casual|Indie,2D|Adventure|Atmospheric|Casual|Choices Matter|Cute|Dark|Dark Fantasy|Dark Humor|Female Protagonist|Funny|Great Soundtrack|Horror|Indie|Interactive Fiction,PASS,PASS,PASS,PASS,PASS,PENDING_EXTERNAL_CHECK
1718570,ASTLIBRA Revision,KEIZO,WhisperGames,0.7676,Anchor,0.9466,0.8352,0.2465,24563,0.9579,Overwhelmingly Positive,"500,000 .. 1,000,000",750000.0,24.99,,True,False,False,False,2022,Action|Adventure|RPG,2D|Action|Action RPG|Adventure|Demons|Dragons|Drama|Fantasy|Futuristic|Gothic|JRPG|Metroidvania|Modern|Mythology|RPG,PASS,PASS,PASS,PASS,PASS,PENDING_EXTERNAL_CHECK
250760,Shovel Knight: Treasure Trove,Yacht Club Games,Yacht Club Games,0.7668,Anchor,0.821,0.606,0.9262,15782,0.9591,Overwhelmingly Positive,"500,000 .. 1,000,000",750000.0,39.99,85,True,True,True,True,2014,Action|Adventure|Indie,2D|Action|Adventure|Arcade|Comedy|Difficult|Fantasy|Funny|Great Soundtrack|Indie|Kickstarter|Medieval|Metroidvania|Old School|Pixel Graphics,PASS,PASS,PASS,PASS,PASS,PENDING_EXTERNAL_CHECK
1533420,Neon White,Angel Matrix,Annapurna Interactive,0.766,Anchor,0.8289,0.9498,0.303,16019,0.9825,Overwhelmingly Positive,"200,000 .. 500,000",350000.0,24.99,89,True,True,False,False,2022,Action|Adventure|Indie,3D|3D Platformer|Action|Adventure|Anime|Combat|Comedy|Dating Sim|FPS|Fast-Paced|First-Person|Indie|Mystery|Parkour|Platformer,PASS,PASS,PASS,PASS,PASS,PENDING_EXTERNAL_CHECK
610370,Desperados III,Mimimi Games,THQ Nordic,0.7652,Anchor,0.7582,0.9137,0.5212,13787,0.9669,Overwhelmingly Positive,"200,000 .. 500,000",350000.0,39.99,86,True,False,False,False,2020,Strategy,Action|Adventure|Assassin|Atmospheric|Difficult|Great Soundtrack|Historical|Indie|Isometric|RTS|Real Time Tactics|Singleplayer|Stealth|Strategy|Survival,PASS,PASS,PASS,PASS,PASS,PENDING_EXTERNAL_CHECK
1940340,Darkest Dungeon® II,Red Hook Studios,Red Hook Studios,0.7647,Anchor,0.854,0.6688,0.7316,17309,0.7586,Mostly Positive,"500,000 .. 1,000,000",750000.0,39.99,81,True,True,False,False,2023,Indie|RPG|Strategy,2D|CRPG|Dark Fantasy|Dungeon Crawler|Gothic|Hand-drawn|Lovecraftian|Party-Based RPG|Perma Death|Procedural Generation|RPG|Roguelike|Roguelite|Singleplayer|Story Rich,PASS,PASS,PASS,PASS,PASS,PENDING_EXTERNAL_CHECK
1102190,Monster Train,Shiny Shoe,Good Shepherd Entertainment,0.7647,Anchor,0.9137,0.7598,0.438,20386,0.9611,Overwhelmingly Positive,"500,000 .. 1,000,000",750000.0,24.99,86,True,False,False,True,2020,Strategy,Card Battler|Card Game|Choices Matter|Colorful|Deckbuilding|Demons|Difficult|Fantasy|Magic|Procedural Generation|PvP|RPG|Roguelike|Roguelike Deckbuilder|Roguelite,PASS,PASS,PASS,PASS,PASS,PENDING_EXTERNAL_CHECK
1244090,Sea of Stars,Sabotage Studio,Sabotage Studio,0.7644,Anchor,0.6311,0.8085,0.9874,10857,0.8931,Very Positive,"200,000 .. 500,000",350000.0,34.99,87,True,True,False,False,2023,Adventure|Indie|RPG,2D|Adventure|Colorful|Comedy|Emotional|Exploration|Fantasy|Female Protagonist|Funny|Indie|JRPG|Kickstarter|Lore-Rich|Pixel Graphics|RPG,PASS,PASS,PASS,PASS,PASS,PENDING_EXTERNAL_CHECK
285920,TerraTech,Payload Studios,Payload Studios,0.7644,Anchor,0.9246,0.7881,0.3626,22400,0.9126,Very Positive,"500,000 .. 1,000,000",750000.0,24.99,,True,True,True,True,2018,Action|Indie,Action|Adventure|Building|Crafting|Early Access|Exploration|Indie|Multiplayer|Online Co-Op|Open World|Open World Survival Craft|Physics|PvP|Robots|Sandbox,PASS,PASS,PASS,PASS,PASS,PENDING_EXTERNAL_CHECK
242680,Nuclear Throne,Vlambeer,Vlambeer,0.7587,Anchor,0.8634,0.6845,0.6531,17569,0.9618,Overwhelmingly Positive,"500,000 .. 1,000,000",750000.0,11.99,89,True,True,False,True,2015,Action|Indie|RPG,2D|Action|Action Roguelike|Bullet Hell|Difficult|Great Soundtrack|Indie|Local Co-Op|Local Multiplayer|Perma Death|Pixel Graphics|Post-apocalyptic|RPG|Roguelike|Roguelite,PASS,PASS,PASS,PASS,PASS,PENDING_EXTERNAL_CHECK
264200,One Finger Death Punch,Silver Dollar Games,Silver Dollar Games,0.7575,Low-cost option,0.8367,0.6311,0.8006,16239,0.9794,Overwhelmingly Positive,"500,000 .. 1,000,000",750000.0,1.24,,True,True,False,False,2014,Action|Casual|Indie,2D|2D Fighter|Action|Addictive|Arcade|Beat 'em up|Blood|Casual|Difficult|Epic|Fast-Paced|Fighting|Funny|Gore|Great Soundtrack,PASS,PASS,PASS,PASS,PASS,PENDING_EXTERNAL_CHECK
1119730,"Ranch Simulator: Build, Hunt, Farm",Toxic Dog,Excalibur Games,0.7571,Anchor,0.967,0.9011,0.033,28925,0.8236,Very Positive,"500,000 .. 1,000,000",750000.0,24.99,,True,False,True,True,2023,Simulation,,PASS,PASS,PASS,PASS,PASS,PENDING_EXTERNAL_CHECK
2334730,Death Must Die,Realm Archive,Realm Archive,0.7571,Depth,0.8744,0.7033,0.5871,18091,0.9264,Very Positive,"500,000 .. 1,000,000",750000.0,6.99,,True,True,False,False,2023,Action|Casual|Early Access|Indie|RPG,2D|Action|Action RPG|Action Roguelike|Bullet Hell|Controller|Dark Fantasy|Early Access|Fantasy|Hack and Slash|Inventory Management|Isometric|Loot|Magic|Pixel Graphics,PASS,PASS,PASS,PASS,PASS,PENDING_EXTERNAL_CHECK
412830,STEINS;GATE,MAGES. Inc.,"Spike Chunsoft Co., Ltd.",0.7554,Anchor,0.8713,0.6954,0.5997,17897,0.9751,Overwhelmingly Positive,"500,000 .. 1,000,000",750000.0,5.99,87,True,False,False,False,2016,Adventure,Adventure|Anime|Atmospheric|Casual|Choices Matter|Dating Sim|Great Soundtrack|Horror|Memes|Multiple Endings|Mystery|Psychological Horror|Romance|Sci-fi|Science,PASS,PASS,PASS,PASS,PASS,PENDING_EXTERNAL_CHECK
985890,Streets of Rage 4,"Dotemu, Guard Crush, Lizardcube",Dotemu,0.7538,Anchor,0.8446,0.6562,0.7206,17122,0.9268,Very Positive,"500,000 .. 1,000,000",750000.0,24.99,84,True,True,True,True,2020,Action|Indie,2D|Action|Adventure|Arcade|Beat 'em up|Casual|Classic|Co-op|Co-op Campaign|Colorful|Fighting|Great Soundtrack|Hand-drawn|Indie|Local Co-Op,PASS,PASS,PASS,PASS,PASS,PENDING_EXTERNAL_CHECK
1887840,Another Crab's Treasure,Aggro Crab,Aggro Crab,0.7503,Depth,0.686,0.8509,0.719,11759,0.9481,Very Positive,"200,000 .. 500,000",350000.0,29.99,,True,True,False,False,2024,Action|Adventure|Indie,3D|3D Platformer|Action|Action RPG|Action-Adventure|Atmospheric|Beat 'em up|Cartoony|Cute|Dark Fantasy|Dark Humor|Funny|Lore-Rich|Nonlinear|Open World,PASS,PASS,PASS,PASS,PASS,PENDING_EXTERNAL_CHECK
236090,Dust: An Elysian Tail,Humble Hearts LLC,Xbox Game Studios,0.7485,Depth,0.8854,0.7159,0.4976,18420,0.9533,Overwhelmingly Positive,"500,000 .. 1,000,000",750000.0,14.99,,True,True,False,False,2013,Action|Adventure|Indie|RPG,2D|Action|Action RPG|Adventure|Anime|Atmospheric|Beat 'em up|Beautiful|Controller|Exploration|Fantasy|Great Soundtrack|Hack and Slash|Indie|Metroidvania,PASS,PASS,PASS,PASS,PASS,PENDING_EXTERNAL_CHECK
607080,Psychonauts 2,Double Fine Productions,Xbox Game Studios,0.7458,Anchor,0.6672,0.8289,0.7771,11348,0.9663,Overwhelmingly Positive,"200,000 .. 500,000",350000.0,59.99,89,True,False,False,False,2021,Action|Adventure,3D Platformer|Action|Action-Adventure|Adventure|Arcade|Cartoony|Colorful|Comedy|Controller|Cult Classic|Funny|Great Soundtrack|Platformer|Psychedelic|Psychological,PASS,PASS,PASS,PASS,PASS,PENDING_EXTERNAL_CHECK
866800,The Walking Dead: The Final Season,Telltale Games,Skybound Games,0.7447,Anchor,0.8791,0.7096,0.5039,18126,0.9491,Very Positive,"500,000 .. 1,000,000",750000.0,19.99,77,True,False,False,False,2018,Adventure,Action|Adventure|Atmospheric|Choices Matter|Choose Your Own Adventure|Comic Book|Drama|Episodic|Female Protagonist|Gore|Horror|LGBTQ+|Mature|Point & Click|Post-apocalyptic,PASS,PASS,PASS,PASS,PASS,PENDING_EXTERNAL_CHECK
1127500,Mini Motorways,Dinosaur Polo Club,Dinosaur Polo Club,0.7444,Anchor,0.9074,0.7504,0.3673,19938,0.9606,Overwhelmingly Positive,"500,000 .. 1,000,000",750000.0,9.99,87,True,True,False,False,2021,Casual|Indie|Simulation|Strategy,Beautiful|Building|Casual|City Builder|Family Friendly|Great Soundtrack|Indie|Management|Minimalist|Puzzle|Relaxing|Resource Management|Roguelike|Simulation|Singleplayer,PASS,PASS,PASS,PASS,PASS,PENDING_EXTERNAL_CHECK
1188930,Chrono Ark,Al Fine,Al Fine,0.7429,Depth,0.6028,0.9859,0.6327,10462,0.9081,Very Positive,"100,000 .. 200,000",150000.0,24.99,,True,True,False,False,2024,Adventure|Indie|RPG|Strategy,Adventure|Anime|Card Battler|Card Game|Cute|Deckbuilding|Difficult|Early Access|Female Protagonist|Indie|Party-Based RPG|RPG|Roguelike|Roguelike Deckbuilder|Roguelite,PASS,PASS,PASS,PASS,PASS,PENDING_EXTERNAL_CHECK
2171440,Fear & Hunger 2: Termina,Miro Haverinen,Miro Haverinen,0.7427,Depth,0.5133,1.0,0.8085,8962,0.9746,Overwhelmingly Positive,"0 .. 20,000",10000.0,11.99,,True,True,False,False,2022,Indie|RPG,2D|Anime|Atmospheric|CRPG|Dark Fantasy|Dungeon Crawler|Gothic|Horror|JRPG|Lovecraftian|Multiple Endings|Nonlinear|Party-Based RPG|Pixel Graphics|Psychological Horror,PASS,PASS,PASS,PASS,PASS,PENDING_EXTERNAL_CHECK
774801,Crab Champions,Noisestorm,Noisestorm,0.7418,Anchor,0.9388,0.821,0.1601,23847,0.9798,Overwhelmingly Positive,"500,000 .. 1,000,000",750000.0,9.99,,True,True,True,True,2023,Action|Adventure|Casual|Early Access|Indie,3D|Action|Action Roguelike|Arcade|Bullet Hell|Casual|Choices Matter|Co-op|Early Access|Looter Shooter|Memes|Multiplayer|Perma Death|Platformer|PvE,PASS,PASS,PASS,PASS,PASS,PENDING_EXTERNAL_CHECK
313340,Mountain,David OReilly,David OReilly,0.7415,Low-cost option,0.8336,0.6279,0.7331,16227,0.8827,Very Positive,"500,000 .. 1,000,000",750000.0,0.79,,True,True,False,False,2014,Casual|Indie|RPG|Simulation,Ambient|Beautiful|Casual|Experimental|Funny|God Game|Great Soundtrack|Idler|Indie|Music|Nature|Philosophical|Procedural Generation|Puzzle|RPG,PASS,PASS,PASS,PASS,PASS,PENDING_EXTERNAL_CHECK
2990,FlatOut 2,"Bugbear Entertainment, ZOOM Platform Media, Jordan Freeman Group",Strategy First,0.7412,Anchor,0.8571,0.6703,0.6044,17330,0.9617,Overwhelmingly Positive,"500,000 .. 1,000,000",750000.0,1.99,76,True,False,False,True,2006,Racing,3D|Action|Arcade|Automobile Sim|Baseball|Basketball|Bowling|Casual|Combat Racing|Destruction|Driving|Football (American)|Funny|Local Multiplayer|Multiplayer,PASS,PASS,PASS,PASS,PASS,PENDING_EXTERNAL_CHECK
760060,Mutant Year Zero: Road to Eden,The Bearded Ladies,Funcom,0.74,Anchor,0.8964,0.741,0.3862,19552,0.9056,Very Positive,"500,000 .. 1,000,000",750000.0,10.49,78,True,False,False,False,2018,RPG|Strategy,Action|Adventure|Atmospheric|Dark Fantasy|Difficult|Exploration|Fantasy|Funny|Horror|Post-apocalyptic|RPG|Singleplayer|Stealth|Strategy|Survival,PASS,PASS,PASS,PASS,PASS,PENDING_EXTERNAL_CHECK
2066020,Soulstone Survivors,Game Smithing Limited,Game Smithing Limited,0.7381,Depth,0.8995,0.7441,0.3642,19630,0.907,Very Positive,"500,000 .. 1,000,000",750000.0,9.99,,True,True,False,False,2022,Action|Early Access|Indie|RPG,Action|Action RPG|Action Roguelike|Arcade|Bullet Hell|Character Customization|Colorful|Controller|Crafting|Dark Fantasy|Early Access|Hack and Slash|Procedural Generation|RPG|Roguelike,PASS,PASS,PASS,PASS,PASS,PENDING_EXTERNAL_CHECK
423230,Furi,The Game Bakers,The Game Bakers,0.7378,Anchor,0.6845,0.8477,0.6656,11751,0.9104,Very Positive,"200,000 .. 500,000",350000.0,19.99,76,True,True,False,False,2016,Action|Indie,Action|Atmospheric|Beat 'em up|Boss Rush|Bullet Hell|Controller|Cyberpunk|Difficult|Fast-Paced|Great Soundtrack|Hack and Slash|Indie|Replay Value|Sci-fi|Shoot 'Em Up,PASS,PASS,PASS,PASS,PASS,PENDING_EXTERNAL_CHECK
1084600,My Time at Sandrock,Pathea Games,"Pathea Games, Focus Entertainment, PM Studios, Inc., DMM Games",0.7378,Anchor,0.9482,0.8367,0.0911,24605,0.8838,Very Positive,"500,000 .. 1,000,000",750000.0,27.99,80,True,True,True,True,2023,Adventure|Casual|Indie|RPG|Simulation,Adventure|Building|Cartoony|Casual|Character Customization|Crafting|Dating Sim|Early Access|Farming Sim|Female Protagonist|Indie|Life Sim|Mining|Multiplayer|Open World,PASS,PASS,PASS,PASS,PASS,PENDING_EXTERNAL_CHECK
756800,Contraband Police,Crazy Rocks,PlayWay S.A.,0.7352,Anchor,0.8414,0.956,0.1099,16988,0.9498,Very Positive,"200,000 .. 500,000",350000.0,16.79,77,True,False,False,False,2023,Action|Adventure|Simulation,1980s|Action|Action-Adventure|Atmospheric|Automobile Sim|Destruction|Detective|FPS|First-Person|Immersive Sim|Indie|Management|Multiple Endings|Open World|Physics,PASS,PASS,PASS,PASS,PASS,PENDING_EXTERNAL_CHECK
341940,Hatred,Destructive Creations,Destructive Creations,0.7349,Anchor,0.898,0.7425,0.3548,19586,0.8258,Very Positive,"500,000 .. 1,000,000",750000.0,5.99,43,True,True,False,False,2015,Action|Indie,Action|Dark|Dark Fantasy|Dark Humor|Difficult|Gore|Horror|Indie|Isometric|Mature|Open World|Psychological Horror|Shooter|Singleplayer|Survival,PASS,PASS,PASS,PASS,PASS,PENDING_EXTERNAL_CHECK
977880,Eastward,Pixpil,Chucklefish,0.7346,Anchor,0.81,0.5793,0.8367,15361,0.8433,Very Positive,"500,000 .. 1,000,000",750000.0,24.99,82,True,True,False,False,2021,Action|Adventure|Indie|RPG,2D|Action|Action RPG|Adventure|Atmospheric|Casual|Comedy|Cute|Dark|Female Protagonist|Indie|JRPG|Mature|Pixel Graphics|Post-apocalyptic,PASS,PASS,PASS,PASS,PASS,PENDING_EXTERNAL_CHECK
1241510,The Test,Randumb Studios,Randumb Studios,0.7327,Low-cost option,0.9027,0.7473,0.325,19646,0.9698,Overwhelmingly Positive,"500,000 .. 1,000,000",750000.0,1.99,,True,True,False,False,2020,Adventure|Casual|Indie|RPG|Simulation,Atmospheric|Casual|Choices Matter|Choose Your Own Adventure|Detective|Horror|Immersive Sim|Investigation|JRPG|Multiple Endings|Mystery|Pixel Graphics|Psychological|Psychological Horror|RPG,PASS,PASS,PASS,PASS,PASS,PENDING_EXTERNAL_CHECK
2532550,LIZARDS MUST DIE,the Bratans,"Smola Game Studio, Agafonoff",0.7314,Anchor,0.956,0.8524,0.0141,25278,0.9683,Overwhelmingly Positive,"500,000 .. 1,000,000",750000.0,1.99,,True,True,True,True,2023,Action|Adventure|Indie|Massively Multiplayer,3D|Action|Action RPG|Action-Adventure|Atmospheric|Cinematic|Difficult|Fantasy|Female Protagonist|Hack and Slash|Historical|Idler|Open World|RPG|Realistic,PASS,PASS,PASS,PASS,PASS,PENDING_EXTERNAL_CHECK
1211020,Wobbly Life,RubberBandGames,"RubberBandGames, Curve Games",0.7308,Anchor,0.9294,0.8053,0.1538,23104,0.9692,Overwhelmingly Positive,"500,000 .. 1,000,000",750000.0,17.99,,True,True,True,True,2020,Action|Adventure|Casual|Early Access|Indie|Simulation,4 Player Local|Action|Adventure|Casual|Co-op|Cute|Early Access|Family Friendly|Funny|Indie|Life Sim|Local Multiplayer|Multiplayer|Online Co-Op|Open World,PASS,PASS,PASS,PASS,PASS,PENDING_EXTERNAL_CHECK
986130,Shadows of Doubt,ColePowered Games,Fireshine Games,0.7299,Anchor,0.7284,0.887,0.4584,12904,0.8493,Very Positive,"200,000 .. 500,000",350000.0,24.99,67,True,True,False,False,2024,Action|Adventure|Indie|RPG,Action|Action RPG|Adventure|Atmospheric|Cyberpunk|Detective|First-Person|Hacking|Immersive Sim|Indie|Noir|Open World|Pixel Graphics|Procedural Generation|Puzzle,PASS,PASS,PASS,PASS,PASS,PENDING_EXTERNAL_CHECK
585420,Trailmakers,Flashbulb,Flashbulb,0.7296,Anchor,0.9403,0.8226,0.0926,23890,0.9254,Very Positive,"500,000 .. 1,000,000",750000.0,24.99,,True,True,True,True,2019,Action|Adventure|Indie|Racing|Simulation,Building|Co-op|Destruction|Driving|Exploration|Flight|Jet|Moddable|Multiplayer|Open World|Physics|Puzzle|Racing|Robots|Sandbox,PASS,PASS,PASS,PASS,PASS,PENDING_EXTERNAL_CHECK
914800,Coffee Talk,Toge Productions,Toge Productions,0.7259,Anchor,0.5965,0.7849,0.9137,10410,0.9519,Overwhelmingly Positive,"200,000 .. 500,000",350000.0,12.99,76,True,True,False,False,2020,Adventure|Casual|Indie,Anime|Atmospheric|Casual|Choices Matter|Conversation|Crafting|Emotional|Experimental|Fantasy|Indie|Interactive Fiction|LGBTQ+|Multiple Endings|Philosophical|Pixel Graphics,PASS,PASS,PASS,PASS,PASS,PENDING_EXTERNAL_CHECK
232430,Gone Home,Fullbright,Fullbright,0.725,Anchor,0.8681,0.6907,0.4631,17625,0.7704,Mostly Positive,"500,000 .. 1,000,000",750000.0,14.99,86,True,True,False,False,2013,Adventure|Indie,1990's|Adventure|Atmospheric|Emotional|Exploration|Female Protagonist|First-Person|Great Soundtrack|Indie|Interactive Fiction|LGBTQ+|Mystery|Narration|Narrative|Point & Click,PASS,PASS,PASS,PASS,PASS,PENDING_EXTERNAL_CHECK
1785150,Friends vs Friends,Brainwash Gang,Raw Fury,0.725,Depth,0.6986,0.8666,0.5369,12013,0.8307,Very Positive,"200,000 .. 500,000",350000.0,9.99,,True,True,True,True,2023,Action|Indie,Action|Arena Shooter|Battle Royale|Card Game|Co-op|Colorful|Combat|Destruction|FPS|First-Person|Gun Customization|Hero Shooter|Indie|Multiplayer|Old School,PASS,PASS,PASS,PASS,PASS,PENDING_EXTERNAL_CHECK
238430,Contagion,"Monochrome, Inc","Monochrome, Inc",0.7243,Depth,0.8053,0.9937,0.0706,15219,0.7277,Mostly Positive,"100,000 .. 200,000",150000.0,9.99,62,True,True,True,True,2013,Action|Adventure|Indie,3D|Action|Adventure|Atmospheric|Co-op|Competitive|FPS|First-Person|Horror|Level Editor|Local Co-Op|Local Multiplayer|Moddable|Post-apocalyptic|PvE,PASS,PASS,PASS,PASS,PASS,PENDING_EXTERNAL_CHECK
973760,Thronebreaker: The Witcher Tales,CD PROJEKT RED,CD PROJEKT RED,0.7241,Anchor,0.8132,0.5856,0.7661,15479,0.9,Very Positive,"500,000 .. 1,000,000",750000.0,19.99,85,True,False,False,False,2018,Adventure|RPG,Adventure|Atmospheric|Card Game|Choices Matter|Dark Fantasy|Fantasy|Female Protagonist|Great Soundtrack|Isometric|Mature|Medieval|Multiplayer|Open World|Puzzle|RPG,PASS,PASS,PASS,PASS,PASS,PENDING_EXTERNAL_CHECK
411300,ELEX,Piranha Bytes,THQ Nordic,0.7235,Anchor,0.8917,0.7253,0.3422,18722,0.7442,Mostly Positive,"500,000 .. 1,000,000",750000.0,29.99,67,True,False,False,False,2017,Action|Adventure|RPG,Action|Adventure|Atmospheric|Base Building|Choices Matter|Dark Fantasy|Difficult|Fantasy|Futuristic|Gothic|Open World|Post-apocalyptic|RPG|Sci-fi|Singleplayer,PASS,PASS,PASS,PASS,PASS,PENDING_EXTERNAL_CHECK
71250,Sonic Adventure DX,SEGA,SEGA,0.722,Depth,0.7959,0.5604,0.8383,15113,0.9113,Very Positive,"500,000 .. 1,000,000",750000.0,7.99,,True,False,False,False,2011,,1990's|3D|3D Platformer|Action|Adventure|Classic|Controller|Family Friendly|Fast-Paced|Great Soundtrack|Memes|Moddable|Open World|Platformer|Racing,PASS,PASS,PASS,PASS,PASS,PENDING_EXTERNAL_CHECK
1239690,Retrowave,RewindApp,RewindApp,0.7201,Low-cost option,0.7943,0.9356,0.1758,15033,0.9564,Overwhelmingly Positive,"200,000 .. 500,000",350000.0,2.99,,True,True,False,True,2022,Action|Casual|Indie|Racing|Simulation,1980s|1990's|Action|Addictive|Arcade|Atmospheric|Casual|Cyberpunk|Futuristic|Great Soundtrack|Indie|Music|Psychedelic|Racing|Relaxing,PASS,PASS,PASS,PASS,PASS,PENDING_EXTERNAL_CHECK
692890,Roboquest,RyseUp Studios,"RyseUp Studios, Starbreeze Entertainment",0.7188,Depth,0.8932,0.7268,0.3124,18970,0.9552,Overwhelmingly Positive,"500,000 .. 1,000,000",750000.0,18.74,,True,True,True,True,2023,Action|Indie,Action|Action Roguelike|Bullet Hell|Co-op|Colorful|FPS|Fast-Paced|First-Person|Indie|Looter Shooter|Multiplayer|Online Co-Op|Perma Death|Post-apocalyptic|Roguelike,PASS,PASS,PASS,PASS,PASS,PENDING_EXTERNAL_CHECK
257850,Hyper Light Drifter,Heart Machine,Heart Machine,0.7173,Anchor,0.8477,0.6609,0.5228,17197,0.9331,Very Positive,"500,000 .. 1,000,000",750000.0,19.99,84,True,True,True,True,2016,Action|Adventure|Indie|RPG,2D|Action|Action RPG|Adventure|Atmospheric|Colorful|Difficult|Exploration|Fantasy|Great Soundtrack|Hack and Slash|Indie|Metroidvania|Pixel Graphics|Post-apocalyptic,PASS,PASS,PASS,PASS,PASS,PENDING_EXTERNAL_CHECK
1382330,Persona® 5 Strikers,ATLUS,SEGA,0.7162,Anchor,0.7912,0.5447,0.8477,14848,0.8903,Very Positive,"500,000 .. 1,000,000",750000.0,59.99,76,True,False,False,False,2021,Action|Adventure,2D|3D|3D Platformer|Action|Action RPG|Action-Adventure|Adventure|Anime|Atmospheric|Colorful|Funny|Great Soundtrack|Hack and Slash|JRPG|Musou,PASS,PASS,PASS,PASS,PASS,PENDING_EXTERNAL_CHECK
589290,Holdfast: Nations At War,Anvil Game Studios,Anvil Game Studios,0.7162,Anchor,0.9435,0.8305,0.0047,24355,0.8993,Very Positive,"500,000 .. 1,000,000",750000.0,19.99,,True,True,False,True,2020,Action|Indie|Massively Multiplayer|RPG|Simulation|Strategy,Action|FPS|First-Person|Historical|Indie|Massively Multiplayer|Military|Moddable|Multiplayer|Naval|RPG|Shooter|Simulation|Strategy|Tactical,PASS,PASS,PASS,PASS,PASS,PENDING_EXTERNAL_CHECK
921570,OCTOPATH TRAVELER™,"Square Enix, ACQUIRE Corp.",Square Enix,0.7156,Anchor,0.7818,0.529,0.8932,14493,0.8627,Very Positive,"500,000 .. 1,000,000",750000.0,59.99,80,True,False,False,False,2019,RPG,2.5D|Adventure|Anime|Casual|Choices Matter|Great Soundtrack|JRPG|Management|Multiple Endings|Open World|Party-Based RPG|Pixel Graphics|RPG|Sandbox|Simulation,PASS,PASS,PASS,PASS,PASS,PENDING_EXTERNAL_CHECK
368360,60 Seconds!,Robot Gentleman,Robot Gentleman,0.7144,Depth,0.6688,0.9874,0.3391,11409,0.8445,Very Positive,"100,000 .. 200,000",150000.0,8.99,,True,True,False,False,2015,Adventure|Casual|Indie|Simulation|Strategy,2D|3D|Choices Matter|Choose Your Own Adventure|Dark Comedy|Dark Humor|Difficult|Exploration|Funny|Immersive Sim|Management|Outbreak Sim|Point & Click|Post-apocalyptic|Story Rich,PASS,PASS,PASS,PASS,PASS,PENDING_EXTERNAL_CHECK
335670,LISA: The Painful,Dingaling Productions,Serenity Forge,0.712,Anchor,0.7724,0.5165,0.9184,14282,0.9567,Overwhelmingly Positive,"500,000 .. 1,000,000",750000.0,19.99,77,True,True,False,False,2014,Adventure|Indie|RPG,2D|Adventure|Atmospheric|Choices Matter|Comedy|Dark|Dark Humor|Funny|Horror|Indie|JRPG|Party-Based RPG|Pixel Graphics|Post-apocalyptic|Psychological Horror,PASS,PASS,PASS,PASS,PASS,PENDING_EXTERNAL_CHECK
2221490,Tom Clancy’s The Division® 2,Ubisoft,Ubisoft,0.7112,Depth,0.8776,0.7064,0.3454,18105,0.7411,Mostly Positive,"500,000 .. 1,000,000",750000.0,39.99,,True,False,True,True,2023,Action|Adventure|RPG,Action|Adventure|Character Customization|Co-op|Loot|Looter Shooter|Massively Multiplayer|Military|Multiplayer|Online Co-Op|Open World|Post-apocalyptic|PvE|PvP|RPG,PASS,PASS,PASS,PASS,PASS,PENDING_EXTERNAL_CHECK
2369390,Far Cry® 6,"Ubisoft Toronto, Ubisoft Montreal, Ubisoft Kyiv, Ubisoft Shanghai, Ubisoft Berlin",Ubisoft,0.7111,Anchor,0.9262,0.7943,0.0816,22628,0.7158,Mostly Positive,"500,000 .. 1,000,000",750000.0,59.99,,True,False,True,True,2023,Action|Adventure,3D|Action|Action-Adventure|Adventure|Atmospheric|Co-op|Combat|Crafting|Exploration|FPS|Female Protagonist|First-Person|Modern|Multiplayer|Online Co-Op,PASS,PASS,PASS,PASS,PASS,PENDING_EXTERNAL_CHECK
1432860,Sun Haven,Pixel Sprout Studios,Pixel Sprout Studios,0.7108,Depth,0.9042,0.7488,0.2088,19709,0.8566,Very Positive,"500,000 .. 1,000,000",750000.0,12.49,,True,True,True,True,2023,Adventure|Casual|Indie|RPG|Simulation,Adventure|Agriculture|Character Customization|Combat|Cooking|Crafting|Dating Sim|Exploration|Fantasy|Farming Sim|Fishing|Life Sim|Magic|Mining|Multiplayer,PASS,PASS,PASS,PASS,PASS,PENDING_EXTERNAL_CHECK
1062520,Dinkum,James Bendon,James Bendon,0.7106,Anchor,0.9168,0.7708,0.1413,21010,0.9412,Very Positive,"500,000 .. 1,000,000",750000.0,19.99,,True,True,True,True,2022,Early Access|Indie|RPG|Simulation,Adventure|Agriculture|Building|Character Customization|Co-op|Crafting|Cute|Early Access|Exploration|Farming Sim|Fishing|Hunting|Life Sim|Mining|Online Co-Op,PASS,PASS,PASS,PASS,PASS,PENDING_EXTERNAL_CHECK
861540,Dicey Dungeons,Terry Cavanagh,Terry Cavanagh,0.71,Anchor,0.6217,0.8006,0.7504,10685,0.8954,Very Positive,"200,000 .. 500,000",350000.0,14.99,80,True,True,False,False,2019,Indie|Strategy,Card Battler|Card Game|Cartoon|Casual|Colorful|Cute|Deckbuilding|Dungeon Crawler|Great Soundtrack|Indie|Mouse only|Procedural Generation|RPG|Replay Value|Roguelike,PASS,PASS,PASS,PASS,PASS,PENDING_EXTERNAL_CHECK
212480,Sonic & All-Stars Racing Transformed Collection,Sumo Digital,SEGA,0.7087,Depth,0.8399,0.6436,0.5275,16605,0.9372,Very Positive,"500,000 .. 1,000,000",750000.0,19.99,,True,False,False,True,2013,Racing|Sports,4 Player Local|Action|Adventure|Arcade|Co-op|Colorful|Controller|Family Friendly|Fast-Paced|Great Soundtrack|Local Co-Op|Local Multiplayer|Multiplayer|Online Co-Op|Racing,PASS,PASS,PASS,PASS,PASS,PENDING_EXTERNAL_CHECK
237990,The Banner Saga,Stoic,Stoic Studio,0.7082,Anchor,0.8085,0.5777,0.7111,15294,0.8898,Very Positive,"500,000 .. 1,000,000",750000.0,24.99,80,True,True,False,False,2014,Indie|RPG|Strategy,2D|Adventure|Atmospheric|Choices Matter|Crowdfunded|Fantasy|Great Soundtrack|Hand-drawn|Indie|Kickstarter|RPG|Singleplayer|Story Rich|Strategy|Strategy RPG,PASS,PASS,PASS,PASS,PASS,PENDING_EXTERNAL_CHECK
1574580,Strange Horticulture,Bad Viking,Iceberg Interactive,0.7072,Anchor,0.6609,0.8273,0.6013,11234,0.9515,Overwhelmingly Positive,"200,000 .. 500,000",350000.0,15.99,83,True,True,False,False,2022,Adventure|Indie|Simulation,2D|Adventure|Alternate History|Atmospheric|Choices Matter|Colorful|Conversation|Dark|Detective|Exploration|Investigation|Lovecraftian|Multiple Endings|Mystery|Nature,PASS,PASS,PASS,PASS,PASS,PENDING_EXTERNAL_CHECK
655500,MX Bikes,PiBoSo,PiBoSo,0.7049,Anchor,0.9278,0.7959,0.044,22682,0.9394,Very Positive,"500,000 .. 1,000,000",750000.0,34.99,,True,False,False,True,2019,Early Access|Racing|Simulation|Sports,3D|Automobile Sim|Bikes|Controller|Difficult|Early Access|First-Person|Immersive Sim|Moddable|Motocross|Motorbike|Multiplayer|Offroad|Physics|Racing,PASS,PASS,PASS,PASS,PASS,PENDING_EXTERNAL_CHECK
383270,Hue,Fiddlesticks Games,Curve Games,0.7035,Anchor,0.5699,0.7724,0.8838,9845,0.9259,Very Positive,"200,000 .. 500,000",350000.0,14.99,79,True,True,False,False,2016,Adventure|Indie,2D|2D Platformer|Adventure|Casual|Colorful|Great Soundtrack|Indie|Metroidvania|Narration|Platformer|Puzzle|Puzzle Platformer|Side Scroller|Singleplayer|Story Rich,PASS,PASS,PASS,PASS,PASS,PENDING_EXTERNAL_CHECK
2000950,Call of Duty®: Modern Warfare®,"Infinity Ward, Beenox, High Moon Studios, Raven Software",Activision,0.7029,Depth,0.8619,0.6813,0.383,17530,0.7845,Mostly Positive,"500,000 .. 1,000,000",750000.0,59.99,,True,False,True,True,2023,Action,Action|Battle Royale|Co-op|FPS|First-Person|Gore|Gun Customization|Military|Modern|Multiplayer|Online Co-Op|PvP|Realistic|Shooter|Singleplayer,PASS,PASS,PASS,PASS,PASS,PENDING_EXTERNAL_CHECK
702670,Donut County,Ben Esposito,Annapurna Interactive,0.7026,Anchor,0.5589,0.7677,0.9121,9707,0.9161,Very Positive,"200,000 .. 500,000",350000.0,12.99,77,True,True,False,False,2018,Adventure|Casual|Indie,3D|Adventure|Casual|Comedy|Cute|Drama|Family Friendly|Female Protagonist|Funny|Great Soundtrack|Indie|Interactive Fiction|Music|Physics|Puzzle,PASS,PASS,PASS,PASS,PASS,PENDING_EXTERNAL_CHECK
1766740,Choo-Choo Charles,Two Star Games,Two Star Games,0.7018,Depth,0.7865,0.9294,0.113,14696,0.9142,Very Positive,"200,000 .. 500,000",350000.0,19.99,,True,True,False,False,2022,Action|Adventure|Indie,3D|Action|Action-Adventure|Adventure|Atmospheric|Choices Matter|Co-op|Dark|FPS|First-Person|Hand-drawn|Horror|Indie|Open World|Psychological Horror,PASS,PASS,PASS,PASS,PASS,PENDING_EXTERNAL_CHECK
1490890,Demon Slayer -Kimetsu no Yaiba- The Hinokami Chronicles,CyberConnect2,SEGA,0.7017,Depth,0.887,0.7174,0.2575,18429,0.8748,Very Positive,"500,000 .. 1,000,000",750000.0,59.99,,True,False,False,True,2021,Action|Adventure,2D Fighter|3D|3D Fighter|Action|Action-Adventure|Adventure|Anime|Cartoon|Cinematic|Colorful|Combat|Comic Book|Controller|Demons|Drama,PASS,PASS,PASS,PASS,PASS,PENDING_EXTERNAL_CHECK
2248760,Car For Sale Simulator 2023,Red Axe Games,Red Axe Games,0.6999,Depth,0.7881,0.9309,0.0973,14710,0.862,Very Positive,"200,000 .. 500,000",350000.0,17.99,,True,True,True,True,2023,Early Access|Indie|Simulation,3D|America|Automobile Sim|Cinematic|Conversation|Driving|Early Access|FPS|Family Friendly|First-Person|Immersive Sim|Inventory Management|Life Sim|Modern|Multiplayer,PASS,PASS,PASS,PASS,PASS,PENDING_EXTERNAL_CHECK
429050,Feed and Grow: Fish,Old B1ood,Greens s.r.o.,0.6968,Depth,0.8493,0.6656,0.4082,17217,0.7749,Mostly Positive,"500,000 .. 1,000,000",750000.0,14.99,,True,True,False,True,2016,Action|Early Access|Indie|Simulation,Action|Adventure|Atmospheric|Co-op|Colorful|Cute|Early Access|Fishing|Funny|Great Soundtrack|Indie|Multiplayer|Open World|Realistic|Sandbox,PASS,PASS,PASS,PASS,PASS,PENDING_EXTERNAL_CHECK
498240,Batman - The Telltale Series,Telltale,Telltale,0.6967,Depth,0.7975,0.562,0.7057,15127,0.8608,Very Positive,"500,000 .. 1,000,000",750000.0,14.99,,True,False,False,False,2016,Adventure,Action|Adventure|Atmospheric|Choices Matter|Choose Your Own Adventure|Comic Book|Dark|Detective|Episodic|Gore|Hidden Object|Mature|Noir|Point & Click|Quick-Time Events,PASS,PASS,PASS,PASS,PASS,PENDING_EXTERNAL_CHECK
895870,Project Wingman,Sector D2,"Sector D2, Humble Games",0.696,Anchor,0.8587,0.6719,0.3721,17348,0.9341,Very Positive,"500,000 .. 1,000,000",750000.0,24.99,75,True,True,False,False,2020,Action|Indie|Simulation,Action|Arcade|Controller|Epic|First-Person|Flight|Great Soundtrack|Indie|Jet|Military|Multiplayer|Realistic|Sci-fi|Shooter|Simulation,PASS,PASS,PASS,PASS,PASS,PENDING_EXTERNAL_CHECK
641320,Cooking Simulator,Big Cheese Studio,"Big Cheese Studio, PlayWay S.A.",0.6942,Anchor,0.8728,0.697,0.2873,17920,0.847,Very Positive,"500,000 .. 1,000,000",750000.0,19.99,64,True,False,False,False,2019,Simulation,Action|Co-op|Comedy|Cooking|Crafting|Economy|Family Friendly|Female Protagonist|First-Person|Funny|Management|Memes|Physics|Realistic|Relaxing,PASS,PASS,PASS,PASS,PASS,PENDING_EXTERNAL_CHECK
1085510,Garfield Kart - Furious Racing,Artefacts Studio,Microids,0.6906,Depth,0.7661,0.5055,0.8446,14073,0.8785,Very Positive,"500,000 .. 1,000,000",750000.0,14.99,,True,False,False,True,2019,Racing,Action|Arcade|Capitalism|Cartoony|Casual|Cats|Classic|Comedy|Competitive|Cult Classic|Cute|Family Friendly|Funny|Great Soundtrack|Local Multiplayer,PASS,PASS,PASS,PASS,PASS,PENDING_EXTERNAL_CHECK
536220,The Walking Dead: A New Frontier,Telltale Games,Skybound Games,0.6874,Anchor,0.825,0.6154,0.5039,15929,0.8238,Very Positive,"500,000 .. 1,000,000",750000.0,14.99,81,True,False,False,False,2016,Adventure,Action|Adventure|Atmospheric|Casual|Choices Matter|Choose Your Own Adventure|Comic Book|Drama|Episodic|Female Protagonist|Gore|Horror|Point & Click|Post-apocalyptic|Singleplayer,PASS,PASS,PASS,PASS,PASS,PENDING_EXTERNAL_CHECK
463530,Empires of the Undergrowth,Slug Disco,"Hooded Horse, Slug Disco",0.687,Depth,0.7441,0.8964,0.1923,13301,0.9441,Very Positive,"200,000 .. 500,000",350000.0,29.99,,True,False,False,False,2024,Simulation|Strategy,Base Building|Building|City Builder|Colony Sim|Economy|Grand Strategy|Historical|Management|Moddable|Open World|RTS|Real-Time with Pause|Replay Value|Resource Management|Sandbox,PASS,PASS,PASS,PASS,PASS,PENDING_EXTERNAL_CHECK
784150,Workers & Resources: Soviet Republic,3Division,Hooded Horse,0.6855,Anchor,0.8823,0.7143,0.1923,18344,0.9173,Very Positive,"500,000 .. 1,000,000",750000.0,39.99,81,True,False,False,False,2024,Simulation|Strategy,4X|Base Building|Building|City Builder|Colony Sim|Economy|Grand Strategy|Historical|Management|Moddable|Open World|RTS|Real-Time with Pause|Replay Value|Resource Management,PASS,PASS,PASS,PASS,PASS,PENDING_EXTERNAL_CHECK
2138710,Sifu,Sloclap,"Sloclap, Kepler Interactive",0.6834,Anchor,0.8273,0.617,0.4757,15959,0.9242,Very Positive,"500,000 .. 1,000,000",750000.0,39.99,81,True,True,False,False,2023,Action|Indie,Action|Action RPG|Action Roguelike|Action-Adventure|Arcade|Beat 'em up|Blood|Crime|Dark|Dark Fantasy|Difficult|Fighting|Hack and Slash|Indie|Martial Arts,PASS,PASS,PASS,PASS,PASS,PENDING_EXTERNAL_CHECK
493900,Dungeons 3,Realmforge Studios,Kalypso Media,0.6833,Anchor,0.876,0.7049,0.2119,18104,0.9431,Very Positive,"500,000 .. 1,000,000",750000.0,29.99,75,True,False,True,True,2017,Simulation|Strategy,Base Building|Co-op Campaign|Comedy|Dark Fantasy|Dark Humor|Economy|Female Protagonist|Funny|God Game|Horror|Isometric|Management|Multiplayer|Online Co-Op|RTS,PASS,PASS,PASS,PASS,PASS,PENDING_EXTERNAL_CHECK
435400,Hidden Folks,"Adriaan de Jongh, Sylvain Tegroeg",Adriaan de Jongh,0.6826,Depth,0.5228,0.7363,0.9482,9091,0.9665,Overwhelmingly Positive,"200,000 .. 500,000",350000.0,14.99,,True,True,False,False,2017,Adventure|Casual|Indie,2D|Adventure|Audio Production|Casual|Cute|Design & Illustration|Family Friendly|Funny|Great Soundtrack|Hand-drawn|Hidden Object|Indie|Isometric|Minimalist|Point & Click,PASS,PASS,PASS,PASS,PASS,PENDING_EXTERNAL_CHECK
2828860,The Forever Winter,Fun Dog Studios,Fun Dog Studios,0.6825,Depth,0.7457,0.898,0.1633,13361,0.7421,Mostly Positive,"200,000 .. 500,000",350000.0,29.99,,True,False,True,True,2024,Action|Early Access,Action|Character Customization|Choices Matter|Difficult|Dystopian|Early Access|Extraction Shooter|Gun Customization|Horror|Looter Shooter|Mechs|Post-apocalyptic|PvE|Sci-fi|Shooter,PASS,PASS,PASS,PASS,PASS,PENDING_EXTERNAL_CHECK
681280,Descenders,RageSquid,No More Robots,0.6817,Anchor,0.8697,0.6923,0.2402,17632,0.9424,Very Positive,"500,000 .. 1,000,000",750000.0,24.99,78,True,False,False,True,2019,Action|Racing|Sports,Action|Addictive|BMX|Beautiful|Bikes|Cycling|Difficult|Fast-Paced|Great Soundtrack|Moddable|Multiplayer|Open World|Physics|Procedural Generation|Racing,PASS,PASS,PASS,PASS,PASS,PENDING_EXTERNAL_CHECK
45760,Ultra Street Fighter® IV,Capcom,Capcom,0.6794,Anchor,0.7928,0.5495,0.6515,14998,0.8992,Very Positive,"500,000 .. 1,000,000",750000.0,29.99,82,True,False,False,True,2014,Action,2.5D|2D|2D Fighter|3D Vision|Action|Adventure|Anime|Arcade|Beat 'em up|Classic|Competitive|Controller|Difficult|Fighting|Great Soundtrack,PASS,PASS,PASS,PASS,PASS,PENDING_EXTERNAL_CHECK
1404850,Luck be a Landlord,TrampolineTales,TrampolineTales,0.6794,Depth,0.5746,0.7771,0.7441,9990,0.9354,Very Positive,"200,000 .. 500,000",350000.0,9.99,,True,True,False,False,2023,Indie|Simulation|Strategy,2D|Auto Battler|Capitalism|Casual|Deckbuilding|Early Access|Gambling|Indie|Management|Pixel Graphics|Procedural Generation|Resource Management|Retro|Roguelike|Roguelike Deckbuilder,PASS,PASS,PASS,PASS,PASS,PENDING_EXTERNAL_CHECK
1283410,Tails of Iron,Odd Bug Studio,"United Label, CI Games",0.6783,Anchor,0.6107,0.7975,0.6217,10597,0.8894,Very Positive,"200,000 .. 500,000",350000.0,24.99,81,True,True,False,False,2021,Action|Adventure|Indie,2.5D|2D|Action|Action RPG|Action-Adventure|Adventure|Atmospheric|Character Customization|Combat|Dark Fantasy|Difficult|Fantasy|Medieval|Metroidvania|Narration,PASS,PASS,PASS,PASS,PASS,PENDING_EXTERNAL_CHECK
394690,Tower Unite,PixelTail Games,PixelTail Games,0.6776,Depth,0.9089,0.752,0.0267,19950,0.9004,Very Positive,"500,000 .. 1,000,000",750000.0,19.99,,True,True,True,True,2016,Action|Adventure|Casual|Early Access|Indie|Massively Multiplayer|Racing,Action|Adventure|Arcade|Casual|Character Customization|Early Access|FPS|Funny|Great Soundtrack|Indie|Massively Multiplayer|Memes|Mini Golf|Multiplayer|Open World,PASS,PASS,PASS,PASS,PASS,PENDING_EXTERNAL_CHECK
1150440,Aliens: Dark Descent,Tindalos Interactive,Focus Entertainment,0.6768,Anchor,0.7425,0.8948,0.1476,13286,0.8892,Very Positive,"200,000 .. 500,000",350000.0,19.99,75,True,False,False,False,2023,Action|Strategy,3D|Action|Action-Adventure|Aliens|Combat|Dark|Horror|Isometric|RTS|Real Time Tactics|Sci-fi|Singleplayer|Space|Stealth|Strategy,PASS,PASS,PASS,PASS,PASS,PENDING_EXTERNAL_CHECK
2005010,"Warhammer 40,000: Boltgun",Auroch Digital,Focus Entertainment,0.6747,Anchor,0.752,0.9027,0.102,13592,0.9111,Very Positive,"200,000 .. 500,000",350000.0,14.29,75,True,True,False,False,2023,Action|Indie,,PASS,PASS,PASS,PASS,PASS,PENDING_EXTERNAL_CHECK
332310,LEGO® Worlds,"TT Games, Traveller's Tales",Warner Bros. Interactive Entertainment,0.6739,Depth,0.8006,0.5651,0.5793,15137,0.7836,Mostly Positive,"500,000 .. 1,000,000",750000.0,29.99,,True,False,True,True,2017,Adventure,Action|Adventure|Building|Casual|Co-op|Comedy|Destruction|Early Access|Exploration|Family Friendly|Funny|LEGO|Multiplayer|Open World|Sandbox,PASS,PASS,PASS,PASS,PASS,PENDING_EXTERNAL_CHECK
1458140,Pacific Drive,Ironwood Studios,Kepler Interactive,0.6736,Depth,0.7645,0.9246,0.0298,14053,0.8297,Very Positive,"200,000 .. 500,000",350000.0,29.99,,True,True,False,False,2024,Action|Adventure|Indie|Racing|Simulation,3D|Action|Action-Adventure|Adventure|Atmospheric|Base Building|Building|Crafting|Driving|Exploration|First-Person|Investigation|Post-apocalyptic|Sandbox|Sci-fi,PASS,PASS,PASS,PASS,PASS,PENDING_EXTERNAL_CHECK
1321440,Cassette Beasts,Bytten Studio,Raw Fury,0.6732,Depth,0.383,0.9984,0.7567,7575,0.9555,Overwhelmingly Positive,"0 .. 20,000",10000.0,19.99,,True,True,True,True,2023,Indie|RPG,2D|3D|Adventure|Cartoony|Co-op|Collectathon|Colorful|Comedy|Controller|Creature Collector|JRPG|Local Co-Op|Open World|Pixel Graphics|PvP,PASS,PASS,PASS,PASS,PASS,PENDING_EXTERNAL_CHECK
1353230,Bomb Rush Cyberfunk,Team Reptile,Team Reptile,0.6726,Depth,0.6703,0.832,0.3987,11433,0.9834,Overwhelmingly Positive,"200,000 .. 500,000",350000.0,39.99,,True,True,False,False,,Action|Adventure|Indie,3D|3D Platformer|Action|Adventure|Anime|Cartoon|Colorful|Cyberpunk|Futuristic|Great Soundtrack|Indie|Jet|Linear|Parkour|Relaxing,PASS,PASS,PASS,PASS,PASS,PENDING_EXTERNAL_CHECK
521890,Hello Neighbor,Dynamic Pixels,tinyBuild,0.672,Depth,0.8383,0.6421,0.3501,16592,0.8261,Very Positive,"500,000 .. 1,000,000",750000.0,29.99,,True,True,False,False,2017,Adventure|Indie|Strategy,3D|3D Platformer|Action|Action-Adventure|Dark Humor|Difficult|FPS|Family Friendly|First-Person|Funny|Horror|Multiple Endings|Psychological Horror|Sandbox|Stealth,PASS,PASS,PASS,PASS,PASS,PENDING_EXTERNAL_CHECK
1158160,Coral Island,Stairway Games,Humble Games,0.6711,Depth,0.8901,0.7237,0.0863,18653,0.8793,Very Positive,"500,000 .. 1,000,000",750000.0,29.99,,True,True,False,False,2023,Adventure|Casual|Indie|RPG|Simulation|Strategy,Adventure|Agriculture|Building|Cartoony|Casual|Character Customization|Crafting|Dating Sim|Farming Sim|Fishing|Indie|LGBTQ+|Life Sim|Mining|Open World,PASS,PASS,PASS,PASS,PASS,PENDING_EXTERNAL_CHECK
1390350,Webbed,Sbug Games,Sbug Games,0.6703,Depth,0.7394,0.4568,0.8885,13123,0.9766,Overwhelmingly Positive,"500,000 .. 1,000,000",750000.0,9.99,,True,True,False,False,2021,Action|Adventure|Indie,2D|2D Platformer|Action|Atmospheric|Cartoony|Collectathon|Colorful|Cute|Exploration|Family Friendly|Fantasy|Female Protagonist|Indie|Nature|Physics,PASS,PASS,PASS,PASS,PASS,PENDING_EXTERNAL_CHECK
1934680,Age of Mythology: Retold,"World's Edge, Forgotten Empires, Tantalus Media, CaptureAge, Virtuos Games",Xbox Game Studios,0.67,Anchor,0.6279,0.8038,0.5306,10775,0.8913,Very Positive,"200,000 .. 500,000",350000.0,29.99,83,True,False,True,True,2024,Strategy,3D|Action RTS|Base Building|Co-op|Fantasy|Level Editor|Magic|Moddable|Multiplayer|Mythology|Online Co-Op|PvE|PvP|RTS|Resource Management,PASS,PASS,PASS,PASS,PASS,PENDING_EXTERNAL_CHECK
2638370,Five Nights at Freddy's: Into the Pit,Mega Cat Studios,Mega Cat Studios,0.6692,Depth,0.4176,0.967,0.7143,7857,0.9577,Overwhelmingly Positive,"100,000 .. 200,000",150000.0,19.99,,True,True,False,False,2024,Action|Adventure|Indie,1980s|1990's|2D|Action|Action-Adventure|Adventure|Atmospheric|Dark|Exploration|Horror|Indie|Multiple Endings|Pixel Graphics|Point & Click|Psychological Horror,PASS,PASS,PASS,PASS,PASS,PENDING_EXTERNAL_CHECK
1424330,Wobbledogs,Animal Uprising,Secret Mode,0.6678,Anchor,0.6264,0.8022,0.5259,10735,0.9817,Overwhelmingly Positive,"200,000 .. 500,000",350000.0,19.99,79,True,True,False,False,2022,Casual|Indie|Simulation,3D|Artificial Intelligence|Casual|Colorful|Cute|Dog|Early Access|Experimental|Family Friendly|Funny|Great Soundtrack|Indie|Life Sim|Physics|Procedural Generation,PASS,PASS,PASS,PASS,PASS,PENDING_EXTERNAL_CHECK
228300,Remember Me,DONTNOD Entertainment,Capcom,0.667,Anchor,0.8163,0.5997,0.449,15720,0.8291,Very Positive,"500,000 .. 1,000,000",750000.0,29.99,65,True,False,False,False,2013,Action|Adventure,Action|Action-Adventure|Adventure|Atmospheric|Beat 'em up|Beautiful|Cyberpunk|Dystopian|Female Protagonist|Fighting|Futuristic|Great Soundtrack|Hack and Slash|Linear|Parkour,PASS,PASS,PASS,PASS,PASS,PENDING_EXTERNAL_CHECK
1740720,Have a Nice Death,Magic Design Studios,Arc Games,0.6667,Anchor,0.5463,0.7567,0.7802,9455,0.865,Very Positive,"200,000 .. 500,000",350000.0,24.99,81,True,True,False,False,2023,Action|Indie,2D|2D Platformer|Action|Action Roguelike|Cartoon|Cartoony|Combat|Comedy|Controller|Dark Humor|Early Access|Funny|Gothic|Hack and Slash|Indie,PASS,PASS,PASS,PASS,PASS,PENDING_EXTERNAL_CHECK
2239150,Thronefall,GrizzlyGames,GrizzlyGames,0.6637,Depth,0.8352,0.6295,0.3375,16228,0.9669,Overwhelmingly Positive,"500,000 .. 1,000,000",750000.0,9.74,,True,True,False,False,2024,Action|Indie|Strategy,3D|Action|Action RTS|Base Building|Building|City Builder|Colorful|Combat|Controller|Early Access|Fantasy|Hack and Slash|Indie|Isometric|Medieval,PASS,PASS,PASS,PASS,PASS,PENDING_EXTERNAL_CHECK
2142790,Fields of Mistria,NPC Studio,NPC Studio,0.6619,Depth,0.5887,0.7818,0.617,10306,0.9825,Overwhelmingly Positive,"200,000 .. 500,000",350000.0,13.99,,True,True,False,False,2024,Early Access|Indie|RPG|Simulation,2D|Agriculture|Anime|Building|Cooking|Crafting|Cute|Dating Sim|Early Access|Farming|Farming Sim|Life Sim|Mining|Open World|Pixel Graphics,PASS,PASS,PASS,PASS,PASS,PENDING_EXTERNAL_CHECK
753420,Dungreed,TEAM HORAY,TEAM HORAY,0.6616,Depth,0.5149,0.7331,0.8666,8965,0.9327,Very Positive,"200,000 .. 500,000",350000.0,9.99,,True,True,False,False,2018,Action|Indie,2D|Action|Action Roguelike|Adventure|Bullet Hell|Difficult|Dungeon Crawler|Great Soundtrack|Indie|Local Co-Op|Loot|Metroidvania|Multiplayer|Pixel Graphics|Platformer,PASS,PASS,PASS,PASS,PASS,PENDING_EXTERNAL_CHECK
1809540,Nine Sols,RedCandleGames,RedCandleGames,0.6603,Depth,0.7692,0.5118,0.675,14257,0.9532,Overwhelmingly Positive,"500,000 .. 1,000,000",750000.0,29.99,,True,True,False,False,,Action|Adventure|Indie,2D|Action|Action-Adventure|Adventure|Atmospheric|Cats|Comic Book|Dark Fantasy|Difficult|Gore|Hand-drawn|Indie|Martial Arts|Metroidvania|Mythology,PASS,PASS,PASS,PASS,PASS,PENDING_EXTERNAL_CHECK
1182900,A Plague Tale: Requiem,Asobo Studio,Focus Entertainment,0.6598,Anchor,0.865,0.686,0.1523,17575,0.9121,Very Positive,"500,000 .. 1,000,000",750000.0,19.99,82,True,False,False,False,2022,Action|Adventure,3D|Action|Action-Adventure|Adventure|Alternate History|Atmospheric|Cinematic|Dark|Drama|Emotional|Exploration|Female Protagonist|Historical|Interactive Fiction|Medieval,PASS,PASS,PASS,PASS,PASS,PENDING_EXTERNAL_CHECK
851100,Touhou Luna Nights,"Team Ladybug, WSS playground","WSS playground, PLAYISM",0.655,Depth,0.7488,0.4772,0.7551,13543,0.9767,Overwhelmingly Positive,"500,000 .. 1,000,000",750000.0,17.99,,True,True,False,False,2019,Action|Adventure|Indie,2D|Action|Action-Adventure|Adventure|Anime|Beat 'em up|Bullet Hell|Controller|Cute|Exploration|Faith|Female Protagonist|Great Soundtrack|Indie|Metroidvania,PASS,PASS,PASS,PASS,PASS,PENDING_EXTERNAL_CHECK
1520370,Mon Bazou,Santa Goat,Santa Goat,0.6491,Depth,0.7378,0.8917,0.0251,13093,0.9734,Overwhelmingly Positive,"200,000 .. 500,000",350000.0,15.99,,True,True,False,False,2021,Adventure|Casual|Early Access|Indie|Racing|Simulation,3D|ATV|Automobile Sim|Building|Casual|Choose Your Own Adventure|Crafting|Driving|Early Access|Exploration|First-Person|Life Sim|Motorbike|Open World|Physics,PASS,PASS,PASS,PASS,PASS,PENDING_EXTERNAL_CHECK
9200,RAGE,id Software,Bethesda Softworks,0.6487,Anchor,0.8509,0.6672,0.1617,17219,0.7753,Mostly Positive,"500,000 .. 1,000,000",750000.0,9.99,79,True,False,True,True,2011,Action,Action|Adventure|Atmospheric|Co-op|Crafting|FPS|First-Person|Gore|Horror|Linear|Multiplayer|Online Co-Op|Open World|Post-apocalyptic|RPG,PASS,PASS,PASS,PASS,PASS,PENDING_EXTERNAL_CHECK
2365810,Pseudoregalia,rittzler,rittzler,0.6483,Depth,0.6923,0.8571,0.1837,11908,0.9729,Overwhelmingly Positive,"200,000 .. 500,000",350000.0,5.99,,True,True,False,False,,Action|Adventure|Indie,3D|3D Platformer|Abstract|Adventure|Cartoon|Controller|Exploration|Fantasy|Female Protagonist|Magic|Metroidvania|Nonlinear|Old School|Parkour|Platformer,PASS,PASS,PASS,PASS,PASS,PENDING_EXTERNAL_CHECK
1307580,TOEM: A Photo Adventure,Something We Made,"Something We Made, popagenda",0.648,Depth,0.3093,0.9513,0.8791,6964,0.9924,Overwhelmingly Positive,"100,000 .. 200,000",150000.0,19.99,79,True,True,False,False,2021,Adventure|Casual|Indie,Adventure|Atmospheric|Cartoon|Casual|Cozy|Cute|Exploration|Family Friendly|Funny|Hand-drawn|Hidden Object|Music|Nature|Photo Editing|Puzzle,PASS,PASS,PASS,PASS,PASS,PENDING_EXTERNAL_CHECK
427410,Abiotic Factor,Deep Field Games,Playstack,0.6474,Depth,0.8807,0.7111,0.011,18141,0.9606,Overwhelmingly Positive,"500,000 .. 1,000,000",750000.0,19.99,,True,False,True,True,2024,Action|Adventure|Early Access|RPG|Simulation,Adventure|Aliens|Base Building|Building|Co-op Campaign|Crafting|Early Access|Exploration|FPS|First-Person|Immersive Sim|Multiplayer|Online Co-Op|Open World Survival Craft|PvE,PASS,PASS,PASS,PASS,PASS,PENDING_EXTERNAL_CHECK
256290,Child of Light,Ubisoft Montréal,Ubisoft,0.647,Anchor,0.7363,0.4553,0.7818,13066,0.9189,Very Positive,"500,000 .. 1,000,000",750000.0,4.49,77,True,False,False,True,2014,RPG,2D|Action|Adventure|Atmospheric|Beautiful|Casual|Cute|Fantasy|Female Protagonist|Great Soundtrack|Hand-drawn|Indie|Local Co-Op|Platformer|RPG,PASS,PASS,PASS,PASS,PASS,PENDING_EXTERNAL_CHECK
894020,Death's Door,Acid Nerve,Devolver Digital,0.6464,Anchor,0.8462,0.6593,0.1743,17163,0.9345,Very Positive,"500,000 .. 1,000,000",750000.0,19.99,85,True,True,False,False,,Action|Adventure|Indie|RPG,3D|3D Platformer|Action|Action RPG|Action-Adventure|Adventure|Cartoony|Colorful|Combat|Controller|Cute|Dark Fantasy|Dungeon Crawler|Exploration|Hack and Slash,PASS,PASS,PASS,PASS,PASS,PENDING_EXTERNAL_CHECK
252610,Death Road to Canada,"Rocketcat Games, Madgarden",Rocketcat Games,0.6458,Depth,0.5086,0.73,0.8069,8922,0.9298,Very Positive,"200,000 .. 500,000",350000.0,14.99,,True,True,True,True,2016,Action|Indie|RPG,2D|Action|Action Roguelike|Character Customization|Co-op|Comedy|Difficult|Funny|Great Soundtrack|Indie|Local Co-Op|Memes|Multiplayer|Pixel Graphics|RPG,PASS,PASS,PASS,PASS,PASS,PENDING_EXTERNAL_CHECK
1372110,JoJo's Bizarre Adventure: All-Star Battle R,CyberConnect2 Co. Ltd.,Bandai Namco Entertainment,0.6436,Depth,0.54,0.7551,0.6813,9351,0.8773,Very Positive,"200,000 .. 500,000",350000.0,14.99,,True,False,True,True,2022,Action,2.5D|2D|2D Fighter|2D Platformer|3D|3D Fighter|Action|Anime|Arcade|Colorful|Controller|Fighting|Great Soundtrack|LGBTQ+|Local Co-Op,PASS,PASS,PASS,PASS,PASS,PENDING_EXTERNAL_CHECK
1302240,Labyrinthine,Valko Game Studios,Valko Game Studios,0.6433,Depth,0.8148,0.5887,0.3532,15545,0.8544,Very Positive,"500,000 .. 1,000,000",750000.0,9.99,,True,True,True,True,2023,Action|Adventure|Indie,Action|Action-Adventure|Atmospheric|Character Customization|Co-op|Co-op Campaign|Controller|First-Person|Horror|Lovecraftian|Multiplayer|Online Co-Op|Procedural Generation|Psychological Horror|Puzzle,PASS,PASS,PASS,PASS,PASS,PENDING_EXTERNAL_CHECK
1069740,Seen,Seen Games,Seen Games,0.6429,Low-cost option,0.5526,0.763,0.6358,9550,0.9154,Very Positive,"200,000 .. 500,000",350000.0,2.99,,True,True,False,False,2019,Action|Adventure|Early Access|Indie,2.5D|Action|Adventure|Atmospheric|Dark|Dystopian|Early Access|Emotional|Great Soundtrack|Indie|Mystery|Platformer|Psychological Horror|Puzzle|Puzzle Platformer,PASS,PASS,PASS,PASS,PASS,PENDING_EXTERNAL_CHECK
1571440,Lunch Lady,Manic Mice,Manic Mice,0.6418,Low-cost option,0.708,0.876,0.0832,12434,0.8589,Very Positive,"200,000 .. 500,000",350000.0,4.99,,True,True,True,True,2021,Action|Adventure|Indie,Action|Action-Adventure|Choices Matter|Co-op|Collectathon|Dark|Exploration|FPS|First-Person|Horror|Multiplayer|Nonlinear|Online Co-Op|Procedural Generation|Psychological Horror,PASS,PASS,PASS,PASS,PASS,PENDING_EXTERNAL_CHECK
589590,Kindergarten,"Con Man Games, Sean Young",SmashGames,0.6416,Low-cost option,0.46,0.6892,0.967,8220,0.9648,Overwhelmingly Positive,"200,000 .. 500,000",350000.0,4.99,,True,True,False,False,2017,Adventure|Indie,Adventure|Blood|Choices Matter|Dark Comedy|Dark Humor|Difficult|Early Access|Funny|Gore|Horror|Indie|Memes|Mystery|Pixel Graphics|Psychological Horror,PASS,PASS,PASS,PASS,PASS,PENDING_EXTERNAL_CHECK
1401590,Disney Dreamlight Valley,Gameloft,Gameloft,0.6407,Depth,0.8666,0.6876,0.0502,17587,0.9124,Very Positive,"500,000 .. 1,000,000",750000.0,39.99,,True,False,False,True,2023,Action|Adventure|Casual|RPG|Simulation,3D|Adventure|Casual|Character Customization|Choose Your Own Adventure|Cooking|Crafting|Exploration|Family Friendly|Fantasy|Farming Sim|Fishing|Immersive Sim|Life Sim|Magic,PASS,PASS,PASS,PASS,PASS,PENDING_EXTERNAL_CHECK
2071280,Ravenswatch,Passtech Games,Nacon,0.6391,Anchor,0.6578,0.8242,0.2732,11195,0.7965,Mostly Positive,"200,000 .. 500,000",350000.0,24.99,84,True,False,True,True,2024,Action|Adventure,Action|Action Roguelike|Adventure|Atmospheric|Co-op|Dark|Dark Fantasy|Difficult|Early Access|Hack and Slash|Indie|Isometric|Multiplayer|Online Co-Op|RPG,PASS,PASS,PASS,PASS,PASS,PENDING_EXTERNAL_CHECK
1669000,Age of Wonders 4,Triumph Studios,Paradox Interactive,0.6373,Depth,0.8038,0.573,0.3752,15209,0.8127,Very Positive,"500,000 .. 1,000,000",750000.0,49.99,,True,False,True,True,2023,Strategy,4X|Character Customization|Choices Matter|Co-op|Combat|Dwarf|Exploration|Fantasy|Grand Strategy|Lore-Rich|Magic|Moddable|Multiplayer|RPG|Singleplayer,PASS,PASS,PASS,PASS,PASS,PENDING_EXTERNAL_CHECK
1556790,Isonzo,BlackMill Games,BlackMill Games,0.6357,Anchor,0.7206,0.8854,0.0078,12682,0.8305,Very Positive,"200,000 .. 500,000",350000.0,13.99,73,True,True,False,True,2022,Action|Indie|Massively Multiplayer|Simulation|Strategy,Action|Atmospheric|Combat|FPS|First-Person|Historical|Indie|Massively Multiplayer|Military|Multiplayer|PvP|Realistic|Shooter|Simulation|Singleplayer,PASS,PASS,PASS,PASS,PASS,PENDING_EXTERNAL_CHECK
1158940,Blazing Sails,"Get Up Games, Iceberg Interactive",Iceberg Interactive,0.6316,Depth,0.5181,0.9796,0.2779,9000,0.8721,Very Positive,"100,000 .. 200,000",150000.0,5.99,,True,True,True,True,2023,Action|Adventure|Casual|Indie,Action|Battle Royale|Character Customization|Co-op|Competitive|FPS|Fast-Paced|First-Person|Funny|Historical|Multiplayer|Naval|Naval Combat|Online Co-Op|Open World,PASS,PASS,PASS,PASS,PASS,PENDING_EXTERNAL_CHECK
936790,Life is Strange: True Colors,Deck Nine,Square Enix,0.6304,Depth,0.7849,0.5353,0.449,14635,0.8931,Very Positive,"500,000 .. 1,000,000",750000.0,17.99,,True,False,False,False,2021,Action|Adventure,Action|Adventure|Atmospheric|Choices Matter|Choose Your Own Adventure|Cinematic|Drama|Emotional|Female Protagonist|LGBTQ+|Mature|Multiple Endings|Mystery|Narrative|Romance,PASS,PASS,PASS,PASS,PASS,PENDING_EXTERNAL_CHECK
1382070,Viewfinder,Sad Owl Studios,Thunderful Publishing,0.6294,Depth,0.292,0.9466,0.8336,6812,0.9435,Very Positive,"100,000 .. 200,000",150000.0,24.99,84,True,True,False,False,2023,Adventure|Indie,3D Platformer|Abstract|Action-Adventure|Adventure|Atmospheric|Colorful|Dark Humor|Exploration|First-Person|Narration|Physics|Platformer|Psychological|Puzzle|Puzzle Platformer,PASS,PASS,PASS,PASS,PASS,PENDING_EXTERNAL_CHECK
1548850,Six Days in Fallujah,Highwire Games,Victura,0.6293,Depth,0.6829,0.8446,0.1319,11749,0.8414,Very Positive,"200,000 .. 500,000",350000.0,39.99,,True,False,True,True,2023,Action|Early Access,Action|Co-op|Drama|Early Access|Emotional|FPS|First-Person|Hero Shooter|Historical|Military|Modern|Nonlinear|PvE|Realistic|Shooter,PASS,PASS,PASS,PASS,PASS,PENDING_EXTERNAL_CHECK
2515020,FINAL FANTASY XVI,Square Enix,Square Enix,0.6284,Depth,0.6075,0.7928,0.3878,10514,0.7727,Mostly Positive,"200,000 .. 500,000",350000.0,49.99,,True,False,False,False,2024,Action|RPG,3D|Action|Action RPG|Atmospheric|Cinematic|Dark Fantasy|Drama|Emotional|Fantasy|Gore|Great Soundtrack|JRPG|Magic|Party-Based RPG|RPG,PASS,PASS,PASS,PASS,PASS,PENDING_EXTERNAL_CHECK
1504500,OPUS: Echo of Starsong - Full Bloom Edition,SIGONO INC.,SIGONO INC.,0.6261,Anchor,0.4678,0.6939,0.8634,8345,0.9663,Overwhelmingly Positive,"200,000 .. 500,000",350000.0,24.99,90,True,True,False,False,2021,Adventure|Indie,2.5D|2D|Adventure|Anime|Atmospheric|Colorful|Emotional|Exploration|Female Protagonist|Indie|Interactive Fiction|JRPG|Puzzle Platformer|Sci-fi|Singleplayer,PASS,PASS,PASS,PASS,PASS,PENDING_EXTERNAL_CHECK
1276790,Ruined King: A League of Legends Story™,Airship Syndicate,Riot Forge,0.6256,Anchor,0.606,0.7912,0.3799,10499,0.8914,Very Positive,"200,000 .. 500,000",350000.0,29.99,80,True,True,False,False,2021,Indie|RPG,Action|Adventure|Fantasy|Female Protagonist|Great Soundtrack|Horror|Indie|Isometric|JRPG|Party-Based RPG|RPG|Singleplayer|Story Rich|Turn-Based|Turn-Based Combat,PASS,PASS,PASS,PASS,PASS,PENDING_EXTERNAL_CHECK
865360,We Were Here Together,Total Mayhem Games,Total Mayhem Games,0.6242,Anchor,0.7834,0.5322,0.427,14563,0.843,Very Positive,"500,000 .. 1,000,000",750000.0,12.99,77,True,True,True,True,2019,Adventure|Casual|Indie,Action-Adventure|Adventure|Atmospheric|Casual|Co-op|Co-op Campaign|Dark|Escape Room|Exploration|First-Person|Horror|Indie|Investigation|Linear|Multiplayer,PASS,PASS,PASS,PASS,PASS,PENDING_EXTERNAL_CHECK
266010,LYNE,Thomas Bowker,Thomas Bowker,0.6185,Low-cost option,0.4505,0.6766,0.8948,8146,0.9568,Overwhelmingly Positive,"200,000 .. 500,000",350000.0,2.99,,True,True,False,False,2014,Casual|Indie,2D|Abstract|Action|Adventure|Arcade|Atmospheric|Casual|Difficult|Great Soundtrack|Indie|Logic|Minimalist|Mouse only|Procedural Generation|Puzzle,PASS,PASS,PASS,PASS,PASS,PENDING_EXTERNAL_CHECK
732690,FIVE NIGHTS AT FREDDY'S: HELP WANTED,Steel Wool Studios,ScottGames,0.6166,Depth,0.7033,0.3846,0.8273,12167,0.9614,Overwhelmingly Positive,"500,000 .. 1,000,000",750000.0,29.99,,True,False,False,False,2019,Action|Casual,Action|Adventure|Atmospheric|Casual|Dark|Difficult|Family Friendly|First-Person|Funny|Horror|Indie|Psychological Horror|Puzzle|Robots|Singleplayer,PASS,PASS,PASS,PASS,PASS,PENDING_EXTERNAL_CHECK
428690,Youtubers Life,U-Play Online,"U-Play Online, ",0.6159,Depth,0.8116,0.5808,0.237,15371,0.7734,Mostly Positive,"500,000 .. 1,000,000",750000.0,8.24,,True,True,False,False,2017,Adventure|Casual|Indie|Simulation|Strategy,Adventure|Cartoon|Casual|Character Customization|Comedy|Family Friendly|Female Protagonist|Funny|Indie|Life Sim|Management|Memes|Open World|Realistic|Resource Management,PASS,PASS,PASS,PASS,PASS,PENDING_EXTERNAL_CHECK
629820,Maneater,Tripwire Interactive,Tripwire Interactive,0.6155,Anchor,0.8179,0.6013,0.1852,15776,0.8863,Very Positive,"500,000 .. 1,000,000",750000.0,9.99,70,True,True,False,False,2021,Action|Adventure|Indie|RPG,Action|Action RPG|Action-Adventure|Adventure|Atmospheric|Dark Humor|Exploration|Female Protagonist|Gore|Hack and Slash|Narration|Nature|Open World|RPG|Simulation,PASS,PASS,PASS,PASS,PASS,PENDING_EXTERNAL_CHECK
799640,Dungeon Munchies,maJAJa,maJAJa,0.6146,Depth,0.2732,0.9419,0.81,6606,0.9731,Overwhelmingly Positive,"100,000 .. 200,000",150000.0,19.99,,True,True,False,False,2022,Action|Adventure|Indie|RPG,2D|Action|Action RPG|Action-Adventure|Adventure|Anime|Bullet Hell|Comedy|Cooking|Difficult|Early Access|Exploration|Funny|Indie|Pixel Graphics,PASS,PASS,PASS,PASS,PASS,PENDING_EXTERNAL_CHECK
1341290,We Were Here Forever,Total Mayhem Games,Total Mayhem Games,0.6144,Depth,0.7677,0.5102,0.4521,14210,0.9162,Very Positive,"500,000 .. 1,000,000",750000.0,17.99,,True,True,True,True,2022,Adventure|Casual|Indie,3D|Action-Adventure|Adventure|Atmospheric|Casual|Co-op|Co-op Campaign|Dark|Detective|Escape Room|Exploration|Fantasy|First-Person|Linear|Multiplayer,PASS,PASS,PASS,PASS,PASS,PENDING_EXTERNAL_CHECK
435530,The Final Station,DO MY BEST,tinyBuild,0.6141,Anchor,0.4741,0.708,0.7645,8454,0.8721,Very Positive,"200,000 .. 500,000",350000.0,14.99,76,True,True,False,False,2016,Action|Adventure|Indie,2D|Action|Adventure|Atmospheric|Great Soundtrack|Horror|Indie|Pixel Graphics|Platformer|Post-apocalyptic|Resource Management|Sci-fi|Shooter|Short|Side Scroller,PASS,PASS,PASS,PASS,PASS,PENDING_EXTERNAL_CHECK
631510,Devil May Cry HD Collection,"CAPCOM Co., Ltd.","CAPCOM Co., Ltd.",0.6131,Depth,0.7174,0.4239,0.7096,12606,0.9196,Very Positive,"500,000 .. 1,000,000",750000.0,29.99,,True,False,False,False,2018,Action,Action|Adventure|Anime|Atmospheric|Beat 'em up|Character Action Game|Classic|Demons|Difficult|Fast-Paced|Gore|Gothic|Great Soundtrack|Hack and Slash|Singleplayer,PASS,PASS,PASS,PASS,PASS,PENDING_EXTERNAL_CHECK
313160,Farming Simulator 15,Giants Software,Giants Software,0.6121,Anchor,0.7991,0.5636,0.2763,15128,0.9216,Very Positive,"500,000 .. 1,000,000",750000.0,12.99,64,True,False,True,True,2014,Simulation,Agriculture|Automobile Sim|Co-op|Driving|Economy|Family Friendly|Farming Sim|Management|Mod|Moddable|Multiplayer|Online Co-Op|Open World|Physics|Realistic,PASS,PASS,PASS,PASS,PASS,PENDING_EXTERNAL_CHECK
1681430,RoboCop: Rogue City,Teyon,Nacon,0.6092,Anchor,0.7896,0.5432,0.3187,14836,0.9042,Very Positive,"500,000 .. 1,000,000",750000.0,49.99,76,True,False,False,False,2023,Action|Adventure,Action|Action RPG|Adventure|Atmospheric|Crime|Cyberpunk|Dystopian|FPS|First-Person|Futuristic|Gore|Mature|RPG|Robots|Sci-fi,PASS,PASS,PASS,PASS,PASS,PENDING_EXTERNAL_CHECK
211400,Deadlight,"Tequila Works, S.L.",Xbox Game Studios,0.6059,Anchor,0.7159,0.4223,0.6797,12549,0.7886,Mostly Positive,"500,000 .. 1,000,000",750000.0,14.99,78,True,True,False,False,2012,Action|Adventure|Indie,2.5D|2D|Action|Adventure|Atmospheric|Controller|Great Soundtrack|Horror|Indie|Noir|Parkour|Platformer|Post-apocalyptic|Puzzle|Short,PASS,PASS,PASS,PASS,PASS,PENDING_EXTERNAL_CHECK
954740,Terminator: Resistance,Teyon,Reef Entertainment,0.6058,Depth,0.8022,0.5667,0.2323,15155,0.9174,Very Positive,"500,000 .. 1,000,000",750000.0,39.99,,True,False,False,False,2019,Action|Adventure|RPG,Action|Adventure|Atmospheric|Choices Matter|Cinematic|Crafting|FPS|First-Person|Futuristic|Great Soundtrack|Multiple Endings|Open World|Post-apocalyptic|RPG|Robots,PASS,PASS,PASS,PASS,PASS,PENDING_EXTERNAL_CHECK
1180660,Tell Me Why,DONTNOD Entertainment,Xbox Game Studios ,0.6022,Depth,0.73,0.4474,0.5856,12927,0.8291,Very Positive,"500,000 .. 1,000,000",750000.0,19.99,,True,False,False,False,2020,Adventure,Action-Adventure|Adventure|Atmospheric|Beautiful|Choices Matter|Choose Your Own Adventure|Cinematic|Conversation|Drama|Dynamic Narration|Emotional|Episodic|Exploration|LGBTQ+|Multiple Endings,PASS,PASS,PASS,PASS,PASS,PENDING_EXTERNAL_CHECK
1874880,Arma Reforger,Bohemia Interactive,Bohemia Interactive,0.6017,Depth,0.8305,0.6201,0.0549,16022,0.7055,Mostly Positive,"500,000 .. 1,000,000",750000.0,29.99,,True,False,True,True,2023,Action|Simulation|Strategy,1980s|Action|Cold War|FPS|First-Person|Military|Moddable|Multiplayer|Open World|PvE|PvP|Real Time Tactics|Realistic|Sandbox|Shooter,PASS,PASS,PASS,PASS,PASS,PENDING_EXTERNAL_CHECK
1182620,Impostor Factory,Freebird Games,Freebird Games,0.6014,Anchor,0.6531,0.3108,0.9937,11116,0.9591,Overwhelmingly Positive,"500,000 .. 1,000,000",750000.0,9.99,80,True,True,False,False,2021,Adventure|Casual|Indie|RPG,2D|Adventure|Atmospheric|Comedy|Cute|Emotional|Funny|Interactive Fiction|JRPG|Linear|Lovecraftian|Mystery|Narrative|Pixel Graphics|Psychological Horror,PASS,PASS,PASS,PASS,PASS,PENDING_EXTERNAL_CHECK
222480,Resident Evil Revelations,Capcom,Capcom,0.601,Anchor,0.7802,0.5275,0.3265,14460,0.7986,Mostly Positive,"500,000 .. 1,000,000",750000.0,19.99,77,True,False,True,True,2013,Action|Adventure,Action|Adventure|Atmospheric|Co-op|Female Protagonist|Gore|Great Soundtrack|Horror|Local Co-Op|Multiplayer|Online Co-Op|Sci-fi|Shooter|Singleplayer|Story Rich,PASS,PASS,PASS,PASS,PASS,PENDING_EXTERNAL_CHECK
1061090,Jump King,Nexile,Nexile,0.601,Depth,0.6719,0.3375,0.9027,11450,0.9017,Very Positive,"500,000 .. 1,000,000",750000.0,12.99,,True,True,False,False,2019,Action|Adventure|Indie,2D|Action|Adventure|Atmospheric|Dark Humor|Difficult|Fantasy|Funny|Horror|Indie|Medieval|Philosophical|Pixel Graphics|Platformer|Precision Platformer,PASS,PASS,PASS,PASS,PASS,PENDING_EXTERNAL_CHECK
1328840,Lost in Play,Happy Juice Games,Joystick Ventures,0.6007,Depth,0.1852,0.9184,0.9796,5997,0.9823,Overwhelmingly Positive,"100,000 .. 200,000",150000.0,19.99,,True,True,False,False,2022,Adventure|Indie,2D|Adventure|Atmospheric|Cartoon|Casual|Colorful|Comedy|Family Friendly|Fantasy|Female Protagonist|Funny|Hand-drawn|Indie|Mystery|Point & Click,PASS,PASS,PASS,PASS,PASS,PENDING_EXTERNAL_CHECK
