app_id,name,developer,publisher,composite_score,tier,recognition_pct,headroom_pct,fit_pct,review_total,review_positive_ratio,review_score_bucket,owners_range,owners_mid,price_usd,metacritic_score,has_controller_support,is_indie,is_self_published,has_coop,has_multiplayer,release_year,genres,tags,screen_review_total_ge_4000,screen_quality_ge_0.70,screen_owners_le_750k,screen_monetisation_paid,screen_is_indie_and_selfpublished,screen_controller_support,screen_gamepass_availability
253230,A Hat in Time,Gears for Breakfast,Gears for Breakfast,0.9728,Anchor,1.0,0.9827,0.7975,50390,0.9786,Overwhelmingly Positive,"500,000 .. 1,000,000",750000.0,29.99,79,True,True,True,True,True,2017,Adventure|Indie,3D Platformer|Action|Adventure|Co-op|Collectathon|Colorful|Comedy|Cute|Exploration|Family Friendly|Female Protagonist|Funny|Great Soundtrack|Indie|Kickstarter,PASS,PASS,PASS,PASS,PASS,"NOT GATED (scored feature only, see 20_indie_scoring.md)",PENDING_EXTERNAL_CHECK
2273430,BlazBlue Entropy Effect,91Act,91Act,0.9602,Anchor,0.963,0.9802,0.8667,23190,0.9447,Very Positive,"200,000 .. 500,000",350000.0,19.99,,True,True,True,True,True,2024,Action|Adventure|Indie,2D|2D Fighter|2D Platformer|Action|Action Roguelike|Action-Adventure|Adventure|Anime|Cyberpunk|Hack and Slash|Indie|Multiple Endings|Pixel Graphics|Platformer|Post-apocalyptic,PASS,PASS,PASS,PASS,PASS,"NOT GATED (scored feature only, see 20_indie_scoring.md)",PENDING_EXTERNAL_CHECK
1256670,Library Of Ruina,ProjectMoon,ProjectMoon,0.9351,Anchor,0.9901,0.9111,0.7556,29181,0.9368,Very Positive,"500,000 .. 1,000,000",750000.0,29.99,,True,True,True,False,False,2021,Indie|RPG|Strategy,2D|Action|Anime|Card Battler|Card Game|Deckbuilding|Difficult|Gore|Great Soundtrack|Horror|Indie|Psychological Horror|RPG|Singleplayer|Story Rich,PASS,PASS,PASS,PASS,PASS,"NOT GATED (scored feature only, see 20_indie_scoring.md)",PENDING_EXTERNAL_CHECK
1189630,Path Of Wuxia,香港商河洛互動娛樂股份有限公司,香港商河洛互動娛樂股份有限公司,0.9284,Anchor,0.9926,0.916,0.6568,30091,0.7859,Mostly Positive,"500,000 .. 1,000,000",750000.0,34.99,,True,True,True,False,False,2022,Indie|RPG,Anime|Character Customization|Choices Matter|Dating Sim|Early Access|Female Protagonist|Indie|Martial Arts|RPG|Simulation|Story Rich|Time Management|Turn-Based|Turn-Based Combat,PASS,PASS,PASS,PASS,PASS,"NOT GATED (scored feature only, see 20_indie_scoring.md)",PENDING_EXTERNAL_CHECK
1055540,A Short Hike,adamgryu,adamgryu,0.9257,Anchor,0.9037,0.9556,0.916,17323,0.992,Overwhelmingly Positive,"200,000 .. 500,000",350000.0,7.99,82,True,True,True,False,False,2019,Adventure|Indie,3D Platformer|Adventure|Beautiful|Casual|Cute|Exploration|Family Friendly|Female Protagonist|Flight|Funny|Great Soundtrack|Indie|Nature|Open World|Pixel Graphics,PASS,PASS,PASS,PASS,PASS,"NOT GATED (scored feature only, see 20_indie_scoring.md)",PENDING_EXTERNAL_CHECK
2218750,Halls of Torment,Chasing Carrots,Chasing Carrots,0.9163,Anchor,0.9802,0.8642,0.8049,24864,0.9589,Overwhelmingly Positive,"500,000 .. 1,000,000",750000.0,4.99,88,True,True,True,False,False,2024,Action|Indie|RPG,2D|Action|Action RPG|Action Roguelike|Arcade|Atmospheric|Bullet Hell|Dark|Dark Fantasy|Demons|Fantasy|Gothic|Hack and Slash|Medieval|Pixel Graphics,PASS,PASS,PASS,PASS,PASS,"NOT GATED (scored feature only, see 20_indie_scoring.md)",PENDING_EXTERNAL_CHECK
241600,Rogue Legacy,Cellar Door Games,Cellar Door Games,0.9089,Anchor,0.921,0.9605,0.642,18349,0.9272,Very Positive,"200,000 .. 500,000",350000.0,14.99,85,True,True,True,False,False,2013,Action|Adventure|Indie|RPG,2D|Action|Action Roguelike|Addictive|Adventure|Arcade|Controller|Exploration|Fantasy|Indie|Medieval|Metroidvania|Pixel Graphics|Platformer|RPG,PASS,PASS,PASS,PASS,PASS,"NOT GATED (scored feature only, see 20_indie_scoring.md)",PENDING_EXTERNAL_CHECK
1703340,The Stanley Parable: Ultra Deluxe,Crows Crows Crows,Crows Crows Crows,0.9079,Anchor,0.9877,0.9012,0.5358,28048,0.9421,Very Positive,"500,000 .. 1,000,000",750000.0,24.99,,True,True,True,False,False,2022,Adventure|Casual|Indie,3D|Adventure|Atmospheric|Casual|Choices Matter|Comedy|Dark Humor|Emotional|Exploration|First-Person|Funny|Game Development|Horror|Multiple Endings|Mystery,PASS,PASS,PASS,PASS,PASS,"NOT GATED (scored feature only, see 20_indie_scoring.md)",PENDING_EXTERNAL_CHECK
1604000,Milk outside a bag of milk outside a bag of milk,Nikita Kryukov,Nikita Kryukov,0.902,Anchor,0.884,0.9432,0.8272,15928,0.9722,Overwhelmingly Positive,"200,000 .. 500,000",350000.0,8.99,,False,True,True,False,False,2021,Casual|Indie,2D|Abstract|Anime|Casual|Choices Matter|Female Protagonist|Great Soundtrack|Horror|Indie|Multiple Endings|Pixel Graphics|Point & Click|Psychedelic|Psychological|Psychological Horror,PASS,PASS,PASS,PASS,PASS,"NOT GATED (scored feature only, see 20_indie_scoring.md)",PENDING_EXTERNAL_CHECK
1948280,Stacklands,Sokpop Collective,Sokpop Collective,0.902,Anchor,0.9778,0.8617,0.684,24557,0.9653,Overwhelmingly Positive,"500,000 .. 1,000,000",750000.0,7.99,,True,True,True,False,False,2022,Casual|Indie|Simulation,2D|Building|Card Battler|Card Game|Casual|City Builder|Colorful|Cute|Deckbuilding|Fantasy|Hand-drawn|Indie|Management|Roguelite|Simulation,PASS,PASS,PASS,PASS,PASS,"NOT GATED (scored feature only, see 20_indie_scoring.md)",PENDING_EXTERNAL_CHECK
824270,KovaaK's,KovaaK Games,KovaaK Games,0.8985,Anchor,0.9951,0.9926,0.0395,32859,0.9271,Very Positive,"200,000 .. 500,000",350000.0,9.99,,False,True,True,False,False,2018,Action|Indie|Simulation,Action|Controller|FPS|First-Person|Indie|Multiplayer|Shooter|Simulation|Singleplayer|Software Training,PASS,PASS,PASS,PASS,PASS,"NOT GATED (scored feature only, see 20_indie_scoring.md)",PENDING_EXTERNAL_CHECK
288160,The Room,Fireproof Games,Fireproof Games,0.8947,Anchor,0.9852,0.8938,0.4457,27490,0.9785,Overwhelmingly Positive,"500,000 .. 1,000,000",750000.0,4.99,73,False,True,True,False,False,2014,Adventure|Indie,Adventure|Atmospheric|Beautiful|Casual|Dark|Escape Room|First-Person|Hidden Object|Horror|Indie|Lovecraftian|Mystery|Point & Click|Psychological Horror|Puzzle,PASS,PASS,PASS,PASS,PASS,"NOT GATED (scored feature only, see 20_indie_scoring.md)",PENDING_EXTERNAL_CHECK
1240210,There Is No Game: Wrong Dimension,Draw Me A Pixel,Draw Me A Pixel,0.8946,Anchor,0.9556,0.8025,0.958,22272,0.9779,Overwhelmingly Positive,"500,000 .. 1,000,000",750000.0,12.99,89,False,True,True,False,False,2020,Adventure|Casual|Indie,2D|Action|Adventure|Casual|Comedy|Funny|Great Soundtrack|Indie|Interactive Fiction|Narration|Parody|Pixel Graphics|Point & Click|Puzzle|RPG,PASS,PASS,PASS,PASS,PASS,"NOT GATED (scored feature only, see 20_indie_scoring.md)",PENDING_EXTERNAL_CHECK
425580,The Room Two,Fireproof Games,Fireproof Games,0.8927,Anchor,0.9259,0.963,0.4457,18916,0.9776,Overwhelmingly Positive,"200,000 .. 500,000",350000.0,4.99,,False,True,True,False,False,2016,Adventure|Indie,Adventure|Atmospheric|Casual|Co-op|Dark|Escape Room|First-Person|Great Soundtrack|Hidden Object|Horror|Indie|Lovecraftian|Mystery|Point & Click|Psychological Horror,PASS,PASS,PASS,PASS,PASS,"NOT GATED (scored feature only, see 20_indie_scoring.md)",PENDING_EXTERNAL_CHECK
1584090,Touhou Mystia's Izakaya,"二色幽紫蝶, Re零同人社","二色幽紫蝶, Re零同人社",0.8921,Anchor,0.9654,0.837,0.7457,23399,0.9864,Overwhelmingly Positive,"500,000 .. 1,000,000",750000.0,4.79,,True,True,True,False,False,2021,Casual|Indie|RPG|Simulation,1990's|2D|Anime|Capitalism|Cartoon|Casual|Clicker|Comedy|Cooking|Drama|Economy|Faith|Female Protagonist|JRPG|Old School,PASS,PASS,PASS,PASS,PASS,"NOT GATED (scored feature only, see 20_indie_scoring.md)",PENDING_EXTERNAL_CHECK
406150,Refunct,Dominique Grieshofer,Dominique Grieshofer,0.8847,Anchor,0.8988,0.9506,0.5506,17257,0.9586,Overwhelmingly Positive,"200,000 .. 500,000",350000.0,2.99,,True,True,True,False,False,2015,Adventure|Casual|Indie,3D Platformer|Adventure|Atmospheric|Beautiful|Casual|Colorful|Cute|Exploration|Family Friendly|First-Person|Great Soundtrack|Open World|Parkour|Platformer|Puzzle Platformer,PASS,PASS,PASS,PASS,PASS,"NOT GATED (scored feature only, see 20_indie_scoring.md)",PENDING_EXTERNAL_CHECK
2212330,Your Only Move Is HUSTLE,Ivy Sly,Ivy Sly,0.8837,Anchor,0.9827,0.879,0.4074,25746,0.9642,Overwhelmingly Positive,"500,000 .. 1,000,000",750000.0,4.99,,False,True,True,False,True,2023,Action|Indie|Simulation|Strategy,2D|2D Fighter|Action|Anime|Cartoon|Cartoony|Cinematic|Colorful|Cute|Hand-drawn|Minimalist|Pixel Graphics|Sandbox|Side Scroller|Simulation,PASS,PASS,PASS,PASS,PASS,"NOT GATED (scored feature only, see 20_indie_scoring.md)",PENDING_EXTERNAL_CHECK
736260,Baba Is You,Hempuli Oy,Hempuli Oy,0.882,Anchor,0.9457,0.7728,1.0,20757,0.978,Overwhelmingly Positive,"500,000 .. 1,000,000",750000.0,14.99,87,True,True,True,False,False,2019,Indie,2D|Atmospheric|Casual|Cute|Difficult|Funny|Great Soundtrack|Indie|Level Editor|Logic|Minimalist|Pixel Graphics|Programming|Puzzle|Retro,PASS,PASS,PASS,PASS,PASS,"NOT GATED (scored feature only, see 20_indie_scoring.md)",PENDING_EXTERNAL_CHECK
242860,Verdun,BlackMill Games,BlackMill Games,0.881,Anchor,0.9975,0.9531,0.0099,37045,0.8609,Very Positive,"500,000 .. 1,000,000",750000.0,14.99,70,True,True,True,False,True,2015,Action|Indie|Massively Multiplayer|Simulation|Strategy,Action|Atmospheric|Co-op|FPS|First-Person|Gore|Historical|Massively Multiplayer|Military|Multiplayer|PvP|Realistic|Shooter|Simulation|Strategy,PASS,PASS,PASS,PASS,PASS,"NOT GATED (scored feature only, see 20_indie_scoring.md)",PENDING_EXTERNAL_CHECK
303210,The Beginner's Guide,Everything Unlimited Ltd.,Everything Unlimited Ltd.,0.8679,Anchor,0.9506,0.7827,0.7951,21206,0.8793,Very Positive,"500,000 .. 1,000,000",750000.0,9.99,,True,True,True,False,False,2015,Adventure|Indie,Abstract|Adventure|Atmospheric|Dark|Emotional|Experience|Experimental|First-Person|Great Soundtrack|Indie|Narration|Philosophical|Psychological|Psychological Horror|Puzzle,PASS,PASS,PASS,PASS,PASS,"NOT GATED (scored feature only, see 20_indie_scoring.md)",PENDING_EXTERNAL_CHECK
617670,Zup! S,Quiet River,Quiet River,0.8665,Anchor,0.8543,0.9185,0.7198,14235,0.9712,Overwhelmingly Positive,"200,000 .. 500,000",350000.0,1.99,,False,True,True,False,False,2018,Casual|Indie,2D|Action|Beautiful|Casual|Cute|Difficult|Education|Fast-Paced|Horror|Indie|Logic|Minimalist|Physics|Psychological Horror|Puzzle,PASS,PASS,PASS,PASS,PASS,"NOT GATED (scored feature only, see 20_indie_scoring.md)",PENDING_EXTERNAL_CHECK
774801,Crab Champions,Noisestorm,Noisestorm,0.8556,Anchor,0.9704,0.8469,0.316,23847,0.9798,Overwhelmingly Positive,"500,000 .. 1,000,000",750000.0,9.99,,True,True,True,True,True,2023,Action|Adventure|Casual|Early Access|Indie,3D|Action|Action Roguelike|Arcade|Bullet Hell|Casual|Choices Matter|Co-op|Early Access|Looter Shooter|Memes|Multiplayer|Perma Death|Platformer|PvE,PASS,PASS,PASS,PASS,PASS,"NOT GATED (scored feature only, see 20_indie_scoring.md)",PENDING_EXTERNAL_CHECK
285920,TerraTech,Payload Studios,Payload Studios,0.8514,Anchor,0.958,0.8099,0.484,22400,0.9126,Very Positive,"500,000 .. 1,000,000",750000.0,24.99,,True,True,True,True,True,2018,Action|Indie,Action|Adventure|Building|Crafting|Early Access|Exploration|Indie|Multiplayer|Online Co-Op|Open World|Open World Survival Craft|Physics|PvP|Robots|Sandbox,PASS,PASS,PASS,PASS,PASS,"NOT GATED (scored feature only, see 20_indie_scoring.md)",PENDING_EXTERNAL_CHECK
238430,Contagion,"Monochrome, Inc","Monochrome, Inc",0.8514,Anchor,0.8741,0.9951,0.163,15219,0.7277,Mostly Positive,"100,000 .. 200,000",150000.0,9.99,62,True,True,True,True,True,2013,Action|Adventure|Indie,3D|Action|Adventure|Atmospheric|Co-op|Competitive|FPS|First-Person|Horror|Level Editor|Local Co-Op|Local Multiplayer|Moddable|Post-apocalyptic|PvE,PASS,PASS,PASS,PASS,PASS,"NOT GATED (scored feature only, see 20_indie_scoring.md)",PENDING_EXTERNAL_CHECK
585420,Trailmakers,Flashbulb,Flashbulb,0.8472,Anchor,0.9728,0.8494,0.2099,23890,0.9254,Very Positive,"500,000 .. 1,000,000",750000.0,24.99,,True,True,True,True,True,2019,Action|Adventure|Indie|Racing|Simulation,Building|Co-op|Destruction|Driving|Exploration|Flight|Jet|Moddable|Multiplayer|Open World|Physics|Puzzle|Racing|Robots|Sandbox,PASS,PASS,PASS,PASS,PASS,"NOT GATED (scored feature only, see 20_indie_scoring.md)",PENDING_EXTERNAL_CHECK
365360,Battle Brothers,Overhype Studios,Overhype Studios,0.8437,Anchor,0.9605,0.8222,0.3457,22855,0.8834,Very Positive,"500,000 .. 1,000,000",750000.0,29.99,80,False,True,True,False,False,2017,Indie|RPG|Strategy,Action|Adventure|Character Customization|Historical|Medieval|Moddable|Open World|RPG|Replay Value|Sandbox|Simulation|Singleplayer|Strategy|Tactical|Tactical RPG,PASS,PASS,PASS,PASS,PASS,"NOT GATED (scored feature only, see 20_indie_scoring.md)",PENDING_EXTERNAL_CHECK
1239690,Retrowave,RewindApp,RewindApp,0.8425,Anchor,0.8716,0.9333,0.3333,15033,0.9564,Overwhelmingly Positive,"200,000 .. 500,000",350000.0,2.99,,True,True,True,False,True,2022,Action|Casual|Indie|Racing|Simulation,1980s|1990's|Action|Addictive|Arcade|Atmospheric|Casual|Cyberpunk|Futuristic|Great Soundtrack|Indie|Music|Psychedelic|Racing|Relaxing,PASS,PASS,PASS,PASS,PASS,"NOT GATED (scored feature only, see 20_indie_scoring.md)",PENDING_EXTERNAL_CHECK
332800,Five Nights at Freddy's 2,Scott Cawthon,Scott Cawthon,0.8358,Anchor,0.9531,0.7926,0.4222,21879,0.9383,Very Positive,"500,000 .. 1,000,000",750000.0,7.99,62,False,True,True,False,False,2014,Indie,Atmospheric|Dark|Difficult|Fast-Paced|First-Person|Historical|Horror|Indie|Jump Scare|Mystery|Perma Death|Point & Click|Psychological Horror|Resource Management|Robots,PASS,PASS,PASS,PASS,PASS,"NOT GATED (scored feature only, see 20_indie_scoring.md)",PENDING_EXTERNAL_CHECK
1188930,Chrono Ark,Al Fine,Al Fine,0.8351,Anchor,0.7358,0.9852,0.7309,10462,0.9081,Very Positive,"100,000 .. 200,000",150000.0,24.99,,True,True,True,False,False,2024,Adventure|Indie|RPG|Strategy,Adventure|Anime|Card Battler|Card Game|Cute|Deckbuilding|Difficult|Early Access|Female Protagonist|Indie|Party-Based RPG|RPG|Roguelike|Roguelike Deckbuilder|Roguelite,PASS,PASS,PASS,PASS,PASS,"NOT GATED (scored feature only, see 20_indie_scoring.md)",PENDING_EXTERNAL_CHECK
337340,Finding Paradise,Freebird Games,Freebird Games,0.8336,Anchor,0.916,0.7012,0.9506,17896,0.9785,Overwhelmingly Positive,"500,000 .. 1,000,000",750000.0,9.99,81,False,True,True,False,False,2017,Adventure|Indie|RPG,2D|Adventure|Atmospheric|Comedy|Cute|Drama|Emotional|Female Protagonist|Funny|Interactive Fiction|JRPG|Linear|Pixel Graphics|Psychological|RPG,PASS,PASS,PASS,PASS,PASS,"NOT GATED (scored feature only, see 20_indie_scoring.md)",PENDING_EXTERNAL_CHECK
368360,60 Seconds!,Robot Gentleman,Robot Gentleman,0.8314,Anchor,0.7802,0.9877,0.4617,11409,0.8445,Very Positive,"100,000 .. 200,000",150000.0,8.99,,True,True,True,False,False,2015,Adventure|Casual|Indie|Simulation|Strategy,2D|3D|Choices Matter|Choose Your Own Adventure|Dark Comedy|Dark Humor|Difficult|Exploration|Funny|Immersive Sim|Management|Outbreak Sim|Point & Click|Post-apocalyptic|Story Rich,PASS,PASS,PASS,PASS,PASS,"NOT GATED (scored feature only, see 20_indie_scoring.md)",PENDING_EXTERNAL_CHECK
589290,Holdfast: Nations At War,Anvil Game Studios,Anvil Game Studios,0.8309,Anchor,0.9753,0.8568,0.0049,24355,0.8993,Very Positive,"500,000 .. 1,000,000",750000.0,19.99,,True,True,True,False,True,2020,Action|Indie|Massively Multiplayer|RPG|Simulation|Strategy,Action|FPS|First-Person|Historical|Indie|Massively Multiplayer|Military|Moddable|Multiplayer|Naval|RPG|Shooter|Simulation|Strategy|Tactical,PASS,PASS,PASS,PASS,PASS,"NOT GATED (scored feature only, see 20_indie_scoring.md)",PENDING_EXTERNAL_CHECK
1887840,Another Crab's Treasure,Aggro Crab,Aggro Crab,0.8267,Anchor,0.8,0.8716,0.7802,11759,0.9481,Very Positive,"200,000 .. 500,000",350000.0,29.99,,True,True,True,False,False,2024,Action|Adventure|Indie,3D|3D Platformer|Action|Action RPG|Action-Adventure|Atmospheric|Beat 'em up|Cartoony|Cute|Dark Fantasy|Dark Humor|Funny|Lore-Rich|Nonlinear|Open World,PASS,PASS,PASS,PASS,PASS,"NOT GATED (scored feature only, see 20_indie_scoring.md)",PENDING_EXTERNAL_CHECK
2248760,Car For Sale Simulator 2023,Red Axe Games,Red Axe Games,0.8252,Anchor,0.8642,0.9284,0.2173,14710,0.862,Very Positive,"200,000 .. 500,000",350000.0,17.99,,True,True,True,True,True,2023,Early Access|Indie|Simulation,3D|America|Automobile Sim|Cinematic|Conversation|Driving|Early Access|FPS|Family Friendly|First-Person|Immersive Sim|Inventory Management|Life Sim|Modern|Multiplayer,PASS,PASS,PASS,PASS,PASS,"NOT GATED (scored feature only, see 20_indie_scoring.md)",PENDING_EXTERNAL_CHECK
1766740,Choo-Choo Charles,Two Star Games,Two Star Games,0.8242,Anchor,0.8617,0.9259,0.2296,14696,0.9142,Very Positive,"200,000 .. 500,000",350000.0,19.99,,True,True,True,False,False,2022,Action|Adventure|Indie,3D|Action|Action-Adventure|Adventure|Atmospheric|Choices Matter|Co-op|Dark|FPS|First-Person|Hand-drawn|Horror|Indie|Open World|Psychological Horror,PASS,PASS,PASS,PASS,PASS,"NOT GATED (scored feature only, see 20_indie_scoring.md)",PENDING_EXTERNAL_CHECK
2406770,Bodycam,Reissad Studio,Reissad Studio,0.8217,Anchor,0.9679,0.8444,0.0,23740,0.7435,Mostly Positive,"500,000 .. 1,000,000",750000.0,33.32,,False,True,True,False,True,2024,Action|Early Access|Indie|Massively Multiplayer|Simulation|Strategy,3D|Action|Action-Adventure|Early Access|FPS|First-Person|Immersive Sim|Military|Multiplayer|Open World|PvP|Realistic|Shooter|Simulation|Stealth,PASS,PASS,PASS,PASS,PASS,"NOT GATED (scored feature only, see 20_indie_scoring.md)",PENDING_EXTERNAL_CHECK
1127500,Mini Motorways,Dinosaur Polo Club,Dinosaur Polo Club,0.8215,Anchor,0.9407,0.7556,0.4889,19938,0.9606,Overwhelmingly Positive,"500,000 .. 1,000,000",750000.0,9.99,87,True,True,True,False,False,2021,Casual|Indie|Simulation|Strategy,Beautiful|Building|Casual|City Builder|Family Friendly|Great Soundtrack|Indie|Management|Minimalist|Puzzle|Relaxing|Resource Management|Roguelike|Simulation|Singleplayer,PASS,PASS,PASS,PASS,PASS,"NOT GATED (scored feature only, see 20_indie_scoring.md)",PENDING_EXTERNAL_CHECK
423230,Furi,The Game Bakers,The Game Bakers,0.8207,Anchor,0.7975,0.8691,0.7432,11751,0.9104,Very Positive,"200,000 .. 500,000",350000.0,19.99,76,True,True,True,False,False,2016,Action|Indie,Action|Atmospheric|Beat 'em up|Boss Rush|Bullet Hell|Controller|Cyberpunk|Difficult|Fast-Paced|Great Soundtrack|Hack and Slash|Indie|Replay Value|Sci-fi|Shoot 'Em Up,PASS,PASS,PASS,PASS,PASS,"NOT GATED (scored feature only, see 20_indie_scoring.md)",PENDING_EXTERNAL_CHECK
714120,Little Misfortune,Killmonday Games AB,Killmonday Games AB,0.8158,Anchor,0.7654,0.842,0.963,10999,0.9177,Very Positive,"200,000 .. 500,000",350000.0,19.99,57,True,True,True,False,False,2019,Adventure|Casual|Indie,2D|Adventure|Atmospheric|Casual|Choices Matter|Cute|Dark|Dark Fantasy|Dark Humor|Female Protagonist|Funny|Great Soundtrack|Horror|Indie|Interactive Fiction,PASS,PASS,PASS,PASS,PASS,"NOT GATED (scored feature only, see 20_indie_scoring.md)",PENDING_EXTERNAL_CHECK
1421250,Tiny Bunny,Saikono,Saikono,0.8146,Anchor,0.9235,0.721,0.6444,18662,0.9669,Overwhelmingly Positive,"500,000 .. 1,000,000",750000.0,12.99,,False,True,True,False,False,2021,Adventure|Early Access|Indie,2D|Adventure|Anime|Atmospheric|Choices Matter|Cute|Dark|Early Access|Gore|Great Soundtrack|Horror|Indie|Interactive Fiction|Mature|Point & Click,PASS,PASS,PASS,PASS,PASS,"NOT GATED (scored feature only, see 20_indie_scoring.md)",PENDING_EXTERNAL_CHECK
2334730,Death Must Die,Realm Archive,Realm Archive,0.8136,Anchor,0.9185,0.7111,0.6988,18091,0.9264,Very Positive,"500,000 .. 1,000,000",750000.0,6.99,,True,True,True,False,False,2023,Action|Casual|Early Access|Indie|RPG,2D|Action|Action RPG|Action Roguelike|Bullet Hell|Controller|Dark Fantasy|Early Access|Fantasy|Hack and Slash|Inventory Management|Isometric|Loot|Magic|Pixel Graphics,PASS,PASS,PASS,PASS,PASS,"NOT GATED (scored feature only, see 20_indie_scoring.md)",PENDING_EXTERNAL_CHECK
2066020,Soulstone Survivors,Game Smithing Limited,Game Smithing Limited,0.8136,Anchor,0.9333,0.7457,0.4864,19630,0.907,Very Positive,"500,000 .. 1,000,000",750000.0,9.99,,True,True,True,False,False,2022,Action|Early Access|Indie|RPG,Action|Action RPG|Action Roguelike|Arcade|Bullet Hell|Character Customization|Colorful|Controller|Crafting|Dark Fantasy|Early Access|Hack and Slash|Procedural Generation|RPG|Roguelike,PASS,PASS,PASS,PASS,PASS,"NOT GATED (scored feature only, see 20_indie_scoring.md)",PENDING_EXTERNAL_CHECK
1062520,Dinkum,James Bendon,James Bendon,0.8131,Anchor,0.9481,0.7778,0.279,21010,0.9412,Very Positive,"500,000 .. 1,000,000",750000.0,19.99,,True,True,True,True,True,2022,Early Access|Indie|RPG|Simulation,Adventure|Agriculture|Building|Character Customization|Co-op|Crafting|Cute|Early Access|Exploration|Farming Sim|Fishing|Hunting|Life Sim|Mining|Online Co-Op,PASS,PASS,PASS,PASS,PASS,"NOT GATED (scored feature only, see 20_indie_scoring.md)",PENDING_EXTERNAL_CHECK
1241510,The Test,Randumb Studios,Randumb Studios,0.8126,Anchor,0.9358,0.7481,0.4543,19646,0.9698,Overwhelmingly Positive,"500,000 .. 1,000,000",750000.0,1.99,,True,True,True,False,False,2020,Adventure|Casual|Indie|RPG|Simulation,Atmospheric|Casual|Choices Matter|Choose Your Own Adventure|Detective|Horror|Immersive Sim|Investigation|JRPG|Multiple Endings|Mystery|Pixel Graphics|Psychological|Psychological Horror|RPG,PASS,PASS,PASS,PASS,PASS,"NOT GATED (scored feature only, see 20_indie_scoring.md)",PENDING_EXTERNAL_CHECK
341940,Hatred,Destructive Creations,Destructive Creations,0.8104,Anchor,0.9309,0.7432,0.4765,19586,0.8258,Very Positive,"500,000 .. 1,000,000",750000.0,5.99,43,True,True,True,False,False,2015,Action|Indie,Action|Dark|Dark Fantasy|Dark Humor|Difficult|Gore|Horror|Indie|Isometric|Mature|Open World|Psychological Horror|Shooter|Singleplayer|Survival,PASS,PASS,PASS,PASS,PASS,"NOT GATED (scored feature only, see 20_indie_scoring.md)",PENDING_EXTERNAL_CHECK
1244090,Sea of Stars,Sabotage Studio,Sabotage Studio,0.8101,Anchor,0.758,0.8321,0.9827,10857,0.8931,Very Positive,"200,000 .. 500,000",350000.0,34.99,87,True,True,True,False,False,2023,Adventure|Indie|RPG,2D|Adventure|Colorful|Comedy|Emotional|Exploration|Fantasy|Female Protagonist|Funny|Indie|JRPG|Kickstarter|Lore-Rich|Pixel Graphics|RPG,PASS,PASS,PASS,PASS,PASS,"NOT GATED (scored feature only, see 20_indie_scoring.md)",PENDING_EXTERNAL_CHECK
2171440,Fear & Hunger 2: Termina,Miro Haverinen,Miro Haverinen,0.8064,Depth,0.6444,1.0,0.842,8962,0.9746,Overwhelmingly Positive,"0 .. 20,000",10000.0,11.99,,True,True,True,False,False,2022,Indie|RPG,2D|Anime|Atmospheric|CRPG|Dark Fantasy|Dungeon Crawler|Gothic|Horror|JRPG|Lovecraftian|Multiple Endings|Nonlinear|Party-Based RPG|Pixel Graphics|Psychological Horror,PASS,PASS,PASS,PASS,PASS,"NOT GATED (scored feature only, see 20_indie_scoring.md)",PENDING_EXTERNAL_CHECK
242680,Nuclear Throne,Vlambeer,Vlambeer,0.8059,Anchor,0.9111,0.6914,0.7383,17569,0.9618,Overwhelmingly Positive,"500,000 .. 1,000,000",750000.0,11.99,89,True,True,True,False,True,2015,Action|Indie|RPG,2D|Action|Action Roguelike|Bullet Hell|Difficult|Great Soundtrack|Indie|Local Co-Op|Local Multiplayer|Perma Death|Pixel Graphics|Post-apocalyptic|RPG|Roguelike|Roguelite,PASS,PASS,PASS,PASS,PASS,"NOT GATED (scored feature only, see 20_indie_scoring.md)",PENDING_EXTERNAL_CHECK
1432860,Sun Haven,Pixel Sprout Studios,Pixel Sprout Studios,0.8052,Anchor,0.9383,0.7506,0.358,19709,0.8566,Very Positive,"500,000 .. 1,000,000",750000.0,12.49,,True,True,True,True,True,2023,Adventure|Casual|Indie|RPG|Simulation,Adventure|Agriculture|Character Customization|Combat|Cooking|Crafting|Dating Sim|Exploration|Fantasy|Farming Sim|Fishing|Life Sim|Magic|Mining|Multiplayer,PASS,PASS,PASS,PASS,PASS,"NOT GATED (scored feature only, see 20_indie_scoring.md)",PENDING_EXTERNAL_CHECK
405640,Pony Island,Daniel Mullins Games,Daniel Mullins Games,0.8044,Anchor,0.8938,0.6469,0.9877,16350,0.9519,Overwhelmingly Positive,"500,000 .. 1,000,000",750000.0,4.99,86,False,True,True,False,False,2016,Indie,2D|Atmospheric|Cute|Dark|Demons|Experimental|Funny|Gore|Great Soundtrack|Hacking|Horror|Horses|Indie|Memes|Pixel Graphics,PASS,PASS,PASS,PASS,PASS,"NOT GATED (scored feature only, see 20_indie_scoring.md)",PENDING_EXTERNAL_CHECK
1940340,Darkest Dungeon® II,Red Hook Studios,Red Hook Studios,0.799,Anchor,0.9012,0.6741,0.7877,17309,0.7586,Mostly Positive,"500,000 .. 1,000,000",750000.0,39.99,81,True,True,True,False,False,2023,Indie|RPG|Strategy,2D|CRPG|Dark Fantasy|Dungeon Crawler|Gothic|Hand-drawn|Lovecraftian|Party-Based RPG|Perma Death|Procedural Generation|RPG|Roguelike|Roguelite|Singleplayer|Story Rich,PASS,PASS,PASS,PASS,PASS,"NOT GATED (scored feature only, see 20_indie_scoring.md)",PENDING_EXTERNAL_CHECK
362680,Fran Bow,Killmonday Games AB,Killmonday Games AB,0.7936,Anchor,0.9062,0.679,0.6889,17348,0.9722,Overwhelmingly Positive,"500,000 .. 1,000,000",750000.0,14.99,70,False,True,True,False,False,2015,Adventure|Indie,2D|Adventure|Atmospheric|Dark|Dark Fantasy|Fantasy|Female Protagonist|Gore|Great Soundtrack|Hand-drawn|Hidden Object|Horror|Indie|Point & Click|Psychological,PASS,PASS,PASS,PASS,PASS,"NOT GATED (scored feature only, see 20_indie_scoring.md)",PENDING_EXTERNAL_CHECK
232430,Gone Home,Fullbright,Fullbright,0.7905,Anchor,0.9136,0.6938,0.5617,17625,0.7704,Mostly Positive,"500,000 .. 1,000,000",750000.0,14.99,86,True,True,True,False,False,2013,Adventure|Indie,1990's|Adventure|Atmospheric|Emotional|Exploration|Female Protagonist|First-Person|Great Soundtrack|Indie|Interactive Fiction|LGBTQ+|Mystery|Narration|Narrative|Point & Click,PASS,PASS,PASS,PASS,PASS,"NOT GATED (scored feature only, see 20_indie_scoring.md)",PENDING_EXTERNAL_CHECK
1353230,Bomb Rush Cyberfunk,Team Reptile,Team Reptile,0.7874,Anchor,0.7852,0.8593,0.5111,11433,0.9834,Overwhelmingly Positive,"200,000 .. 500,000",350000.0,39.99,,True,True,True,False,False,,Action|Adventure|Indie,3D|3D Platformer|Action|Adventure|Anime|Cartoon|Colorful|Cyberpunk|Futuristic|Great Soundtrack|Indie|Jet|Linear|Parkour|Relaxing,PASS,PASS,PASS,PASS,PASS,"NOT GATED (scored feature only, see 20_indie_scoring.md)",PENDING_EXTERNAL_CHECK
264200,One Finger Death Punch,Silver Dollar Games,Silver Dollar Games,0.7872,Anchor,0.8914,0.6444,0.837,16239,0.9794,Overwhelmingly Positive,"500,000 .. 1,000,000",750000.0,1.24,,True,True,True,False,False,2014,Action|Casual|Indie,2D|2D Fighter|Action|Addictive|Arcade|Beat 'em up|Blood|Casual|Difficult|Epic|Fast-Paced|Fighting|Funny|Gore|Great Soundtrack,PASS,PASS,PASS,PASS,PASS,"NOT GATED (scored feature only, see 20_indie_scoring.md)",PENDING_EXTERNAL_CHECK
250760,Shovel Knight: Treasure Trove,Yacht Club Games,Yacht Club Games,0.7862,Anchor,0.8815,0.6321,0.9259,15782,0.9591,Overwhelmingly Positive,"500,000 .. 1,000,000",750000.0,39.99,85,True,True,True,True,True,2014,Action|Adventure|Indie,2D|Action|Adventure|Arcade|Comedy|Difficult|Fantasy|Funny|Great Soundtrack|Indie|Kickstarter|Medieval|Metroidvania|Old School|Pixel Graphics,PASS,PASS,PASS,PASS,PASS,"NOT GATED (scored feature only, see 20_indie_scoring.md)",PENDING_EXTERNAL_CHECK
2365810,Pseudoregalia,rittzler,rittzler,0.7859,Anchor,0.8025,0.8765,0.3407,11908,0.9729,Overwhelmingly Positive,"200,000 .. 500,000",350000.0,5.99,,True,True,True,False,False,,Action|Adventure|Indie,3D|3D Platformer|Abstract|Adventure|Cartoon|Controller|Exploration|Fantasy|Female Protagonist|Magic|Metroidvania|Nonlinear|Old School|Parkour|Platformer,PASS,PASS,PASS,PASS,PASS,"NOT GATED (scored feature only, see 20_indie_scoring.md)",PENDING_EXTERNAL_CHECK
861540,Dicey Dungeons,Terry Cavanagh,Terry Cavanagh,0.7852,Anchor,0.7481,0.8272,0.8025,10685,0.8954,Very Positive,"200,000 .. 500,000",350000.0,14.99,80,True,True,True,False,False,2019,Indie|Strategy,Card Battler|Card Game|Cartoon|Casual|Colorful|Cute|Deckbuilding|Dungeon Crawler|Great Soundtrack|Indie|Mouse only|Procedural Generation|RPG|Replay Value|Roguelike,PASS,PASS,PASS,PASS,PASS,"NOT GATED (scored feature only, see 20_indie_scoring.md)",PENDING_EXTERNAL_CHECK
1520370,Mon Bazou,Santa Goat,Santa Goat,0.7844,Anchor,0.8346,0.9037,0.0568,13093,0.9734,Overwhelmingly Positive,"200,000 .. 500,000",350000.0,15.99,,True,True,True,False,False,2021,Adventure|Casual|Early Access|Indie|Racing|Simulation,3D|ATV|Automobile Sim|Building|Casual|Choose Your Own Adventure|Crafting|Driving|Early Access|Exploration|First-Person|Life Sim|Motorbike|Open World|Physics,PASS,PASS,PASS,PASS,PASS,"NOT GATED (scored feature only, see 20_indie_scoring.md)",PENDING_EXTERNAL_CHECK
394690,Tower Unite,PixelTail Games,PixelTail Games,0.782,Anchor,0.9432,0.758,0.0716,19950,0.9004,Very Positive,"500,000 .. 1,000,000",750000.0,19.99,,True,True,True,True,True,2016,Action|Adventure|Casual|Early Access|Indie|Massively Multiplayer|Racing,Action|Adventure|Arcade|Casual|Character Customization|Early Access|FPS|Funny|Great Soundtrack|Indie|Massively Multiplayer|Memes|Mini Golf|Multiplayer|Open World,PASS,PASS,PASS,PASS,PASS,"NOT GATED (scored feature only, see 20_indie_scoring.md)",PENDING_EXTERNAL_CHECK
1571440,Lunch Lady,Manic Mice,Manic Mice,0.78,Anchor,0.8123,0.8864,0.1926,12434,0.8589,Very Positive,"200,000 .. 500,000",350000.0,4.99,,True,True,True,True,True,2021,Action|Adventure|Indie,Action|Action-Adventure|Choices Matter|Co-op|Collectathon|Dark|Exploration|FPS|First-Person|Horror|Multiplayer|Nonlinear|Online Co-Op|Procedural Generation|Psychological Horror,PASS,PASS,PASS,PASS,PASS,"NOT GATED (scored feature only, see 20_indie_scoring.md)",PENDING_EXTERNAL_CHECK
914800,Coffee Talk,Toge Productions,Toge Productions,0.7798,Anchor,0.7309,0.8074,0.9136,10410,0.9519,Overwhelmingly Positive,"200,000 .. 500,000",350000.0,12.99,76,True,True,True,False,False,2020,Adventure|Casual|Indie,Anime|Atmospheric|Casual|Choices Matter|Conversation|Crafting|Emotional|Experimental|Fantasy|Indie|Interactive Fiction|LGBTQ+|Multiple Endings|Philosophical|Pixel Graphics,PASS,PASS,PASS,PASS,PASS,"NOT GATED (scored feature only, see 20_indie_scoring.md)",PENDING_EXTERNAL_CHECK
313340,Mountain,David OReilly,David OReilly,0.778,Anchor,0.8864,0.6395,0.7901,16227,0.8827,Very Positive,"500,000 .. 1,000,000",750000.0,0.79,,True,True,True,False,False,2014,Casual|Indie|RPG|Simulation,Ambient|Beautiful|Casual|Experimental|Funny|God Game|Great Soundtrack|Idler|Indie|Music|Nature|Philosophical|Procedural Generation|Puzzle|RPG,PASS,PASS,PASS,PASS,PASS,"NOT GATED (scored feature only, see 20_indie_scoring.md)",PENDING_EXTERNAL_CHECK
2080690,Sunkenland,Vector3 Studio,Vector3 Studio,0.776,Anchor,0.9284,0.7383,0.1654,19499,0.819,Very Positive,"500,000 .. 1,000,000",750000.0,19.99,,False,True,True,True,True,2023,Action|Early Access|Indie,3D|Action|Adventure|Base Building|Co-op|Crafting|Early Access|Exploration|FPS|Multiplayer|Open World|Open World Survival Craft|Post-apocalyptic|PvE|Realistic,PASS,PASS,PASS,PASS,PASS,"NOT GATED (scored feature only, see 20_indie_scoring.md)",PENDING_EXTERNAL_CHECK
257850,Hyper Light Drifter,Heart Machine,Heart Machine,0.776,Anchor,0.8963,0.6667,0.6123,17197,0.9331,Very Positive,"500,000 .. 1,000,000",750000.0,19.99,84,True,True,True,True,True,2016,Action|Adventure|Indie|RPG,2D|Action|Action RPG|Adventure|Atmospheric|Colorful|Difficult|Exploration|Fantasy|Great Soundtrack|Hack and Slash|Indie|Metroidvania|Pixel Graphics|Post-apocalyptic,PASS,PASS,PASS,PASS,PASS,"NOT GATED (scored feature only, see 20_indie_scoring.md)",PENDING_EXTERNAL_CHECK
2291760,Papa's Freezeria Deluxe,Flipline Studios,Flipline Studios,0.7747,Low-cost option,0.6877,0.9778,0.3975,9608,0.9926,Overwhelmingly Positive,"100,000 .. 200,000",150000.0,5.99,,False,True,True,False,False,2023,Action|Casual|Indie|Simulation|Strategy,2D|Action|Casual|Character Customization|Classic|Colorful|Cooking|Cult Classic|Cute|Family Friendly|Funny|Indie|Job Simulator|Management|Nostalgia,PASS,PASS,PASS,PASS,PASS,"NOT GATED (scored feature only, see 20_indie_scoring.md)",PENDING_EXTERNAL_CHECK
456750,The Room Three,Fireproof Games,Fireproof Games,0.7709,Anchor,0.7778,0.8519,0.4123,11347,0.9608,Overwhelmingly Positive,"200,000 .. 500,000",350000.0,5.99,,False,True,True,False,False,2018,Adventure|Indie,3D|Adventure|Atmospheric|Casual|Dark|Escape Room|First-Person|Hidden Object|Horror|Indie|Lovecraftian|Multiplayer|Multiple Endings|Mystery|Point & Click,PASS,PASS,PASS,PASS,PASS,"NOT GATED (scored feature only, see 20_indie_scoring.md)",PENDING_EXTERNAL_CHECK
1556790,Isonzo,BlackMill Games,BlackMill Games,0.7679,Anchor,0.8198,0.8914,0.0148,12682,0.8305,Very Positive,"200,000 .. 500,000",350000.0,13.99,73,True,True,True,False,True,2022,Action|Indie|Massively Multiplayer|Simulation|Strategy,Action|Atmospheric|Combat|FPS|First-Person|Historical|Indie|Massively Multiplayer|Military|Multiplayer|PvP|Realistic|Shooter|Simulation|Singleplayer,PASS,PASS,PASS,PASS,PASS,"NOT GATED (scored feature only, see 20_indie_scoring.md)",PENDING_EXTERNAL_CHECK
2142790,Fields of Mistria,NPC Studio,NPC Studio,0.7543,Anchor,0.7235,0.8,0.7259,10306,0.9825,Overwhelmingly Positive,"200,000 .. 500,000",350000.0,13.99,,True,True,True,False,False,2024,Early Access|Indie|RPG|Simulation,2D|Agriculture|Anime|Building|Cooking|Crafting|Cute|Dating Sim|Early Access|Farming|Farming Sim|Life Sim|Mining|Open World|Pixel Graphics,PASS,PASS,PASS,PASS,PASS,"NOT GATED (scored feature only, see 20_indie_scoring.md)",PENDING_EXTERNAL_CHECK
1404850,Luck be a Landlord,TrampolineTales,TrampolineTales,0.7519,Low-cost option,0.7136,0.7877,0.8,9990,0.9354,Very Positive,"200,000 .. 500,000",350000.0,9.99,,True,True,True,False,False,2023,Indie|Simulation|Strategy,2D|Auto Battler|Capitalism|Casual|Deckbuilding|Early Access|Gambling|Indie|Management|Pixel Graphics|Procedural Generation|Resource Management|Retro|Roguelike|Roguelike Deckbuilder,PASS,PASS,PASS,PASS,PASS,"NOT GATED (scored feature only, see 20_indie_scoring.md)",PENDING_EXTERNAL_CHECK
2239150,Thronefall,GrizzlyGames,GrizzlyGames,0.7472,Anchor,0.8889,0.642,0.4593,16228,0.9669,Overwhelmingly Positive,"500,000 .. 1,000,000",750000.0,9.74,,True,True,True,False,False,2024,Action|Indie|Strategy,3D|Action|Action RTS|Base Building|Building|City Builder|Colorful|Combat|Controller|Early Access|Fantasy|Hack and Slash|Indie|Isometric|Medieval,PASS,PASS,PASS,PASS,PASS,"NOT GATED (scored feature only, see 20_indie_scoring.md)",PENDING_EXTERNAL_CHECK
667970,VTOL VR,"Boundless Dynamics, LLC","Boundless Dynamics, LLC",0.7454,Anchor,0.9086,0.6889,0.1556,17517,0.9806,Overwhelmingly Positive,"500,000 .. 1,000,000",750000.0,29.99,,False,True,True,True,True,2017,Action|Indie|Simulation,6DOF|Action|Artificial Intelligence|Combat|First-Person|Flight|Futuristic|Jet|Level Editor|Military|Multiplayer|Naval Combat|Physics|Realistic|Sandbox,PASS,PASS,PASS,PASS,PASS,"NOT GATED (scored feature only, see 20_indie_scoring.md)",PENDING_EXTERNAL_CHECK
1302240,Labyrinthine,Valko Game Studios,Valko Game Studios,0.7353,Anchor,0.8765,0.6247,0.4716,15545,0.8544,Very Positive,"500,000 .. 1,000,000",750000.0,9.99,,True,True,True,True,True,2023,Action|Adventure|Indie,Action|Action-Adventure|Atmospheric|Character Customization|Co-op|Co-op Campaign|Controller|First-Person|Horror|Lovecraftian|Multiplayer|Online Co-Op|Procedural Generation|Psychological Horror|Puzzle,PASS,PASS,PASS,PASS,PASS,"NOT GATED (scored feature only, see 20_indie_scoring.md)",PENDING_EXTERNAL_CHECK
1809540,Nine Sols,RedCandleGames,RedCandleGames,0.7353,Anchor,0.8568,0.5802,0.7481,14257,0.9532,Overwhelmingly Positive,"500,000 .. 1,000,000",750000.0,29.99,,True,True,True,False,False,,Action|Adventure|Indie,2D|Action|Action-Adventure|Adventure|Atmospheric|Cats|Comic Book|Dark Fantasy|Difficult|Gore|Hand-drawn|Indie|Martial Arts|Metroidvania|Mythology,PASS,PASS,PASS,PASS,PASS,"NOT GATED (scored feature only, see 20_indie_scoring.md)",PENDING_EXTERNAL_CHECK
2638370,Five Nights at Freddy's: Into the Pit,Mega Cat Studios,Mega Cat Studios,0.7351,Depth,0.5481,0.958,0.7778,7857,0.9577,Overwhelmingly Positive,"100,000 .. 200,000",150000.0,19.99,,True,True,True,False,False,2024,Action|Adventure|Indie,1980s|1990's|2D|Action|Action-Adventure|Adventure|Atmospheric|Dark|Exploration|Horror|Indie|Multiple Endings|Pixel Graphics|Point & Click|Psychological Horror,PASS,PASS,PASS,PASS,PASS,"NOT GATED (scored feature only, see 20_indie_scoring.md)",PENDING_EXTERNAL_CHECK
268650,From the Depths,Brilliant Skies Ltd.,Brilliant Skies Ltd.,0.7331,Anchor,0.763,0.8395,0.158,10940,0.8984,Very Positive,"200,000 .. 500,000",350000.0,24.99,,True,True,True,True,True,2020,Action|Adventure|Indie|Simulation|Strategy,Artificial Intelligence|Building|Co-op Campaign|Crafting|Gun Customization|Military|Multiplayer|Naval|Naval Combat|Physics|RTS|Sandbox|Simulation|Space|Strategy,PASS,PASS,PASS,PASS,PASS,"NOT GATED (scored feature only, see 20_indie_scoring.md)",PENDING_EXTERNAL_CHECK
629820,Maneater,Tripwire Interactive,Tripwire Interactive,0.7257,Anchor,0.879,0.6296,0.3432,15776,0.8863,Very Positive,"500,000 .. 1,000,000",750000.0,9.99,70,True,True,True,False,False,2021,Action|Adventure|Indie|RPG,Action|Action RPG|Action-Adventure|Adventure|Atmospheric|Dark Humor|Exploration|Female Protagonist|Gore|Hack and Slash|Narration|Nature|Open World|RPG|Simulation,PASS,PASS,PASS,PASS,PASS,"NOT GATED (scored feature only, see 20_indie_scoring.md)",PENDING_EXTERNAL_CHECK
1377380,Night of the Dead,Jackto Studios,Jackto Studios,0.7227,Anchor,0.7605,0.8346,0.0864,10889,0.7825,Mostly Positive,"200,000 .. 500,000",350000.0,29.99,,True,True,True,True,True,2024,Action|Adventure|Indie|RPG|Simulation,Base Building|Building|Crafting|First-Person|Hunting|Multiplayer|Online Co-Op|Open World|Open World Survival Craft|PvP|RPG|Realistic|Sandbox|Simulation|Singleplayer,PASS,PASS,PASS,PASS,PASS,"NOT GATED (scored feature only, see 20_indie_scoring.md)",PENDING_EXTERNAL_CHECK
1069740,Seen,Seen Games,Seen Games,0.7215,Low-cost option,0.684,0.7654,0.7333,9550,0.9154,Very Positive,"200,000 .. 500,000",350000.0,2.99,,True,True,True,False,False,2019,Action|Adventure|Early Access|Indie,2.5D|Action|Adventure|Atmospheric|Dark|Dystopian|Early Access|Emotional|Great Soundtrack|Indie|Mystery|Platformer|Psychological Horror|Puzzle|Puzzle Platformer,PASS,PASS,PASS,PASS,PASS,"NOT GATED (scored feature only, see 20_indie_scoring.md)",PENDING_EXTERNAL_CHECK
865360,We Were Here Together,Total Mayhem Games,Total Mayhem Games,0.7188,Anchor,0.8593,0.5901,0.5309,14563,0.843,Very Positive,"500,000 .. 1,000,000",750000.0,12.99,77,True,True,True,True,True,2019,Adventure|Casual|Indie,Action-Adventure|Adventure|Atmospheric|Casual|Co-op|Co-op Campaign|Dark|Escape Room|Exploration|First-Person|Horror|Indie|Investigation|Linear|Multiplayer,PASS,PASS,PASS,PASS,PASS,"NOT GATED (scored feature only, see 20_indie_scoring.md)",PENDING_EXTERNAL_CHECK
1390350,Webbed,Sbug Games,Sbug Games,0.7188,Anchor,0.837,0.5284,0.8889,13123,0.9766,Overwhelmingly Positive,"500,000 .. 1,000,000",750000.0,9.99,,True,True,True,False,False,2021,Action|Adventure|Indie,2D|2D Platformer|Action|Atmospheric|Cartoony|Collectathon|Colorful|Cute|Exploration|Family Friendly|Fantasy|Female Protagonist|Indie|Nature|Physics,PASS,PASS,PASS,PASS,PASS,"NOT GATED (scored feature only, see 20_indie_scoring.md)",PENDING_EXTERNAL_CHECK
2075070,KinitoPET,troy_en,troy_en,0.7151,Low-cost option,0.7012,0.7753,0.5432,9756,0.931,Very Positive,"200,000 .. 500,000",350000.0,5.99,,False,True,True,False,False,2024,Casual|Indie|Simulation,1990's|2D|3D|Artificial Intelligence|Casual|Conversation|Horror|Immersive Sim|Indie|Linear|Multiple Endings|Narration|Pixel Graphics|Psychological|Psychological Horror,PASS,PASS,PASS,PASS,PASS,"NOT GATED (scored feature only, see 20_indie_scoring.md)",PENDING_EXTERNAL_CHECK
206190,Gunpoint,Suspicious Developments,Suspicious Developments,0.7133,Anchor,0.8272,0.5185,0.9235,12952,0.9753,Overwhelmingly Positive,"500,000 .. 1,000,000",750000.0,9.99,83,False,True,True,False,False,2013,Action|Indie|Strategy,2D|Action|Adventure|Comedy|Funny|GameMaker|Great Soundtrack|Hacking|Indie|Level Editor|Noir|Pixel Graphics|Platformer|Puzzle|Sci-fi,PASS,PASS,PASS,PASS,PASS,"NOT GATED (scored feature only, see 20_indie_scoring.md)",PENDING_EXTERNAL_CHECK
1341290,We Were Here Forever,Total Mayhem Games,Total Mayhem Games,0.7119,Anchor,0.8519,0.5778,0.5481,14210,0.9162,Very Positive,"500,000 .. 1,000,000",750000.0,17.99,,True,True,True,True,True,2022,Adventure|Casual|Indie,3D|Action-Adventure|Adventure|Atmospheric|Casual|Co-op|Co-op Campaign|Dark|Detective|Escape Room|Exploration|Fantasy|First-Person|Linear|Multiplayer,PASS,PASS,PASS,PASS,PASS,"NOT GATED (scored feature only, see 20_indie_scoring.md)",PENDING_EXTERNAL_CHECK
488860,MADNESS: Project Nexus,"GIBBING TREE, LLC","GIBBING TREE, LLC",0.7114,Anchor,0.8691,0.5975,0.3778,14899,0.9717,Overwhelmingly Positive,"500,000 .. 1,000,000",750000.0,24.99,,False,True,True,True,True,2021,Action|Indie,3D|Action|Arena Shooter|Atmospheric|Beat 'em up|Blood|Character Customization|Co-op|Combat|Controller|Dark|Funny|Gore|Gun Customization|Hack and Slash,PASS,PASS,PASS,PASS,PASS,"NOT GATED (scored feature only, see 20_indie_scoring.md)",PENDING_EXTERNAL_CHECK
765410,Bean Battles,Gupa Games,Gupa Games,0.7077,Low-cost option,0.6914,0.7704,0.5383,9610,0.9389,Very Positive,"200,000 .. 500,000",350000.0,0.99,,False,True,True,False,True,2018,Action|Indie,Action|Atmospheric|Battle Royale|Dating Sim|Difficult|Epic|FPS|Family Friendly|Funny|God Game|Great Soundtrack|Horror|Indie|Memes|Multiplayer,PASS,PASS,PASS,PASS,PASS,"NOT GATED (scored feature only, see 20_indie_scoring.md)",PENDING_EXTERNAL_CHECK
753420,Dungreed,TEAM HORAY,TEAM HORAY,0.704,Low-cost option,0.6469,0.7333,0.8716,8965,0.9327,Very Positive,"200,000 .. 500,000",350000.0,9.99,,True,True,True,False,False,2018,Action|Indie,2D|Action|Action Roguelike|Adventure|Bullet Hell|Difficult|Dungeon Crawler|Great Soundtrack|Indie|Local Co-Op|Loot|Metroidvania|Multiplayer|Pixel Graphics|Platformer,PASS,PASS,PASS,PASS,PASS,"NOT GATED (scored feature only, see 20_indie_scoring.md)",PENDING_EXTERNAL_CHECK
1216710,Cyber Manhunt,Aluba Studio,Aluba Studio,0.7015,Anchor,0.8469,0.5704,0.4988,14120,0.9362,Very Positive,"500,000 .. 1,000,000",750000.0,9.99,,False,True,True,False,False,2021,Indie|RPG|Simulation,2D|Atmospheric|Casual|Crime|Cyberpunk|Detective|Early Access|Hacking|Immersive Sim|Indie|Investigation|Linear|Mystery|Psychological Horror|Puzzle,PASS,PASS,PASS,PASS,PASS,"NOT GATED (scored feature only, see 20_indie_scoring.md)",PENDING_EXTERNAL_CHECK
872670,SCP: 5K,Affray Interactive,Affray Interactive,0.6958,Anchor,0.7333,0.8123,0.042,10458,0.7861,Mostly Positive,"200,000 .. 500,000",350000.0,19.99,,True,True,True,True,True,2022,Action|Early Access|Indie|Massively Multiplayer|Strategy,Action|Co-op|Co-op Campaign|Combat|Early Access|FPS|First-Person|Gun Customization|Horror|Immersive|Lore-Rich|Military|Multiplayer|PvE|Realistic,PASS,PASS,PASS,PASS,PASS,"NOT GATED (scored feature only, see 20_indie_scoring.md)",PENDING_EXTERNAL_CHECK
1611600,WARNO,Eugen Systems,Eugen Systems,0.6943,Anchor,0.7284,0.8049,0.0815,10408,0.8223,Very Positive,"200,000 .. 500,000",350000.0,26.79,,False,True,True,True,True,2024,Action|Indie|Simulation|Strategy,1980s|Bullet Time|Co-op|Cold War|Historical|Massively Multiplayer|Military|Moddable|Multiplayer|PvP|RTS|Real Time Tactics|Realistic|Simulation|Strategy,PASS,PASS,PASS,PASS,PASS,"NOT GATED (scored feature only, see 20_indie_scoring.md)",PENDING_EXTERNAL_CHECK
1059990,Trombone Champ,Holy Wow Studios LLC,Holy Wow Studios LLC,0.6933,Anchor,0.6667,0.7531,0.5877,9231,0.9796,Overwhelmingly Positive,"200,000 .. 500,000",350000.0,14.99,82,False,True,True,False,False,2022,Casual|Indie,3D|Cartoon|Casual|Colorful|Comedy|Cute|Difficult|Experimental|Family Friendly|Funny|Horror|Indie|Memes|Moddable|Music,PASS,PASS,PASS,PASS,PASS,"NOT GATED (scored feature only, see 20_indie_scoring.md)",PENDING_EXTERNAL_CHECK
1169040,Necesse,Fair Games ApS,Fair Games ApS,0.6916,Anchor,0.8395,0.5481,0.5259,13746,0.9387,Very Positive,"500,000 .. 1,000,000",750000.0,14.99,,True,True,True,True,True,2019,Action|Adventure|Early Access|Indie|RPG,2D|Adventure|Atmospheric|Automation|Base Building|Building|Co-op|Crafting|Early Access|Exploration|Farming Sim|Multiplayer|Online Co-Op|Open World|Open World Survival Craft,PASS,PASS,PASS,PASS,PASS,"NOT GATED (scored feature only, see 20_indie_scoring.md)",PENDING_EXTERNAL_CHECK
690830,Foundation,Polymorph Games,Polymorph Games,0.6894,Anchor,0.8667,0.5926,0.1901,14774,0.8746,Very Positive,"500,000 .. 1,000,000",750000.0,29.99,,False,True,True,False,False,2019,Early Access|Indie|Simulation|Strategy,Atmospheric|Base Building|Building|Choices Matter|City Builder|Colony Sim|Early Access|Economy|Indie|Management|Medieval|Open World|RTS|Relaxing|Resource Management,PASS,PASS,PASS,PASS,PASS,"NOT GATED (scored feature only, see 20_indie_scoring.md)",PENDING_EXTERNAL_CHECK
1954200,Kena: Bridge of Spirits,Ember Lab,Ember Lab,0.6884,Anchor,0.8444,0.5531,0.4494,13752,0.9207,Very Positive,"500,000 .. 1,000,000",750000.0,39.99,83,True,True,True,False,False,2022,Action|Adventure|Indie,3D|3D Platformer|Action|Action-Adventure|Adventure|Atmospheric|Cinematic|Combat|Controller|Exploration|Fantasy|Female Protagonist|Indie|Magic|Mystery,PASS,PASS,PASS,PASS,PASS,"NOT GATED (scored feature only, see 20_indie_scoring.md)",PENDING_EXTERNAL_CHECK
533300,Zup!,Quiet River,Quiet River,0.6857,Low-cost option,0.6148,0.7185,0.9086,8684,0.9417,Very Positive,"200,000 .. 500,000",350000.0,1.99,,False,True,True,False,False,2016,Casual|Indie,2D|Action|Arcade|Casual|Cute|Fast-Paced|Funny|Hidden Object|Indie|Memes|Minimalist|Physics|Point & Click|Psychological Horror|Puzzle,PASS,PASS,PASS,PASS,PASS,"NOT GATED (scored feature only, see 20_indie_scoring.md)",PENDING_EXTERNAL_CHECK
799640,Dungeon Munchies,maJAJa,maJAJa,0.6832,Depth,0.4469,0.9383,0.8444,6606,0.9731,Overwhelmingly Positive,"100,000 .. 200,000",150000.0,19.99,,True,True,True,False,False,2022,Action|Adventure|Indie|RPG,2D|Action|Action RPG|Action-Adventure|Adventure|Anime|Bullet Hell|Comedy|Cooking|Difficult|Early Access|Exploration|Funny|Indie|Pixel Graphics,PASS,PASS,PASS,PASS,PASS,"NOT GATED (scored feature only, see 20_indie_scoring.md)",PENDING_EXTERNAL_CHECK
388090,Five Nights at Freddy's 4,Scott Cawthon,Scott Cawthon,0.6788,Anchor,0.8494,0.5753,0.2395,14199,0.927,Very Positive,"500,000 .. 1,000,000",750000.0,7.99,51,False,True,True,False,False,2015,Action|Indie|Strategy,Action|Animation & Modeling|Atmospheric|Dark|Difficult|Family Friendly|First-Person|Horror|Illuminati|Indie|Jump Scare|Point & Click|Psychological Horror|Robots|Simulation,PASS,PASS,PASS,PASS,PASS,"NOT GATED (scored feature only, see 20_indie_scoring.md)",PENDING_EXTERNAL_CHECK
1070710,Kind Words (lo fi chill beats to write to),Popcannibal,Popcannibal,0.6714,Low-cost option,0.6272,0.7259,0.6741,8829,0.9818,Overwhelmingly Positive,"200,000 .. 500,000",350000.0,4.99,,False,True,True,True,True,2019,Casual|Indie,3D|Asynchronous Multiplayer|Atmospheric|Casual|Colorful|Cozy|Cute|Emotional|Experience|Experimental|Funny|Indie|LGBTQ+|Memes|Multiplayer,PASS,PASS,PASS,PASS,PASS,"NOT GATED (scored feature only, see 20_indie_scoring.md)",PENDING_EXTERNAL_CHECK
221260,Little Inferno,Tomorrow Corporation,Tomorrow Corporation,0.6711,Anchor,0.8099,0.4444,0.884,12342,0.9478,Very Positive,"500,000 .. 1,000,000",750000.0,14.99,68,False,True,True,False,False,2012,Adventure|Casual|Indie,2D|Adventure|Atmospheric|Casual|Comedy|Dark|Dark Humor|Funny|Great Soundtrack|Indie|Parody|Point & Click|Puzzle|Sandbox|Satire,PASS,PASS,PASS,PASS,PASS,"NOT GATED (scored feature only, see 20_indie_scoring.md)",PENDING_EXTERNAL_CHECK
367580,Hook,Maciej Targoni,Maciej Targoni,0.6704,Low-cost option,0.6247,0.7235,0.6864,8828,0.9698,Overwhelmingly Positive,"200,000 .. 500,000",350000.0,1.99,,False,True,True,False,False,2015,Casual|Indie,2D|Abstract|Atmospheric|Casual|Difficult|Family Friendly|Great Soundtrack|Indie|Logic|Minimalist|Mouse only|Puzzle|Relaxing|Short|Singleplayer,PASS,PASS,PASS,PASS,PASS,"NOT GATED (scored feature only, see 20_indie_scoring.md)",PENDING_EXTERNAL_CHECK
386070,Planetary Annihilation: TITANS,Planetary Annihilation Inc,Planetary Annihilation Inc,0.6696,Anchor,0.842,0.5506,0.284,13747,0.8487,Very Positive,"500,000 .. 1,000,000",750000.0,29.99,,False,True,True,True,True,2015,Action|Indie|Strategy,Base Building|Building|Co-op|Destruction|Futuristic|Grand Strategy|Indie|Mechs|Multiplayer|Online Co-Op|PvP|RTS|Real Time Tactics|Robots|Sci-fi,PASS,PASS,PASS,PASS,PASS,"NOT GATED (scored feature only, see 20_indie_scoring.md)",PENDING_EXTERNAL_CHECK
352720,The Universim,Crytivo,Crytivo,0.6649,Depth,0.679,0.7605,0.2123,9484,0.8064,Very Positive,"200,000 .. 500,000",350000.0,22.49,,False,True,True,False,False,2024,Indie|Simulation|Strategy,Aliens|Building|Casual|City Builder|Colony Sim|Colorful|Exploration|God Game|Management|Open World|Procedural Generation|Real-Time with Pause|Resource Management|Sandbox|Sci-fi,PASS,PASS,PASS,PASS,PASS,"NOT GATED (scored feature only, see 20_indie_scoring.md)",PENDING_EXTERNAL_CHECK
230050,DLC Quest,Going Loud Studios,Going Loud Studios,0.6637,Low-cost option,0.4049,0.921,0.9284,6254,0.883,Very Positive,"100,000 .. 200,000",150000.0,2.99,,False,True,True,False,False,2013,Indie,2D|Action|Adventure|Casual|Comedy|Dark Comedy|Exploration|Funny|Indie|Memes|Metroidvania|Parody|Pixel Graphics|Platformer|Retro,PASS,PASS,PASS,PASS,PASS,"NOT GATED (scored feature only, see 20_indie_scoring.md)",PENDING_EXTERNAL_CHECK
1504500,OPUS: Echo of Starsong - Full Bloom Edition,SIGONO INC.,SIGONO INC.,0.6602,Anchor,0.5877,0.6988,0.8691,8345,0.9663,Overwhelmingly Positive,"200,000 .. 500,000",350000.0,24.99,90,True,True,True,False,False,2021,Adventure|Indie,2.5D|2D|Adventure|Anime|Atmospheric|Colorful|Emotional|Exploration|Female Protagonist|Indie|Interactive Fiction|JRPG|Puzzle Platformer|Sci-fi|Singleplayer,PASS,PASS,PASS,PASS,PASS,"NOT GATED (scored feature only, see 20_indie_scoring.md)",PENDING_EXTERNAL_CHECK
677160,We Were Here Too,Total Mayhem Games,Total Mayhem Games,0.6585,Anchor,0.642,0.7309,0.4519,8933,0.807,Very Positive,"200,000 .. 500,000",350000.0,9.99,69,True,True,True,True,True,2018,Adventure|Casual|Indie,Action-Adventure|Adventure|Atmospheric|Casual|Co-op|Co-op Campaign|Dark|Escape Room|First-Person|Horror|Immersive|Indie|Investigation|Linear|Multiplayer,PASS,PASS,PASS,PASS,PASS,"NOT GATED (scored feature only, see 20_indie_scoring.md)",PENDING_EXTERNAL_CHECK
401680,POSTAL Redux,Running With Scissors,Running With Scissors,0.6583,Low-cost option,0.3852,0.9975,0.6667,6116,0.9192,Very Positive,"20,000 .. 50,000",35000.0,8.99,54,True,True,True,True,True,2016,Action|Indie,Action|Co-op|Co-op Campaign|Dark Comedy|Dark Humor|Fast-Paced|Gore|Horror|Isometric|Multiplayer|Online Co-Op|Pixel Graphics|Psychological Horror|Shooter|Singleplayer,PASS,PASS,PASS,PASS,PASS,"NOT GATED (scored feature only, see 20_indie_scoring.md)",PENDING_EXTERNAL_CHECK
1674170,Sprocket,Hamish Dunn,Hamish Dunn,0.6569,Depth,0.6877,0.7679,0.0593,9608,0.934,Very Positive,"200,000 .. 500,000",350000.0,19.99,,False,True,True,False,False,2021,Action|Early Access|Indie|Simulation,3D|Action|Alternate History|Building|Character Customization|Cold War|Early Access|Gun Customization|Military|Physics|PvE|Sandbox|Tanks|Third Person|Third-Person Shooter,PASS,PASS,PASS,PASS,PASS,"NOT GATED (scored feature only, see 20_indie_scoring.md)",PENDING_EXTERNAL_CHECK
453090,Parkitect,Texel Raptor,Texel Raptor,0.656,Depth,0.5012,0.9481,0.2617,7253,0.9449,Very Positive,"100,000 .. 200,000",150000.0,29.99,83,False,True,True,True,True,2018,Casual|Indie|Simulation|Strategy,Building|Capitalism|Casual|City Builder|Co-op|Economy|Family Friendly|Isometric|Level Editor|Management|Moddable|Multiplayer|Nostalgia|Relaxing|Retro,PASS,PASS,PASS,PASS,PASS,"NOT GATED (scored feature only, see 20_indie_scoring.md)",PENDING_EXTERNAL_CHECK
2194530,Yog-Sothoth’s Yard,Bone Nail,Bone Nail,0.6533,Depth,0.6519,0.7358,0.3309,9067,0.9435,Very Positive,"200,000 .. 500,000",350000.0,10.99,,False,True,True,False,False,2023,Indie|RPG|Simulation,Anime|Base Building|Building|City Builder|Cooking|Cute|Dark Fantasy|Dating Sim|Horror|Interactive Fiction|JRPG|Multiple Endings|Mythology|RPG|Roguelite,PASS,PASS,PASS,PASS,PASS,"NOT GATED (scored feature only, see 20_indie_scoring.md)",PENDING_EXTERNAL_CHECK
422970,Devil Daggers,Sorath,Sorath,0.6526,Anchor,0.6296,0.7284,0.4642,8840,0.9532,Overwhelmingly Positive,"200,000 .. 500,000",350000.0,9.99,83,False,True,True,False,False,2016,Action|Indie,Action|Arcade|Arena Shooter|Atmospheric|Bullet Hell|Dark|Demons|Difficult|FPS|Fast-Paced|First-Person|Gore|Horror|Indie|Lovecraftian,PASS,PASS,PASS,PASS,PASS,"NOT GATED (scored feature only, see 20_indie_scoring.md)",PENDING_EXTERNAL_CHECK
601220,Zup! F,Quiet River,Quiet River,0.6519,Low-cost option,0.5827,0.6963,0.8198,8251,0.9707,Overwhelmingly Positive,"200,000 .. 500,000",350000.0,1.99,,False,True,True,False,False,2019,Casual|Indie,2D|Atmospheric|Casual|Cute|Cyberpunk|Family Friendly|Fast-Paced|Fighting|Indie|Minimalist|Mouse only|Physics|Point & Click|Puzzle|Puzzle Platformer,PASS,PASS,PASS,PASS,PASS,"NOT GATED (scored feature only, see 20_indie_scoring.md)",PENDING_EXTERNAL_CHECK
280160,Aragami,Lince Works,Lince Works,0.6496,Anchor,0.8148,0.4765,0.516,12519,0.9006,Very Positive,"500,000 .. 1,000,000",750000.0,19.99,71,True,True,True,True,True,2016,Action|Adventure|Indie,Action|Adventure|Anime|Assassin|Atmospheric|Blood|Co-op|Gore|Great Soundtrack|Indie|Magic|Multiplayer|Ninja|Online Co-Op|Open World,PASS,PASS,PASS,PASS,PASS,"NOT GATED (scored feature only, see 20_indie_scoring.md)",PENDING_EXTERNAL_CHECK
266010,LYNE,Thomas Bowker,Thomas Bowker,0.6484,Low-cost option,0.5728,0.6815,0.8938,8146,0.9568,Overwhelmingly Positive,"200,000 .. 500,000",350000.0,2.99,,True,True,True,False,False,2014,Casual|Indie,2D|Abstract|Action|Adventure|Arcade|Atmospheric|Casual|Difficult|Great Soundtrack|Indie|Logic|Minimalist|Mouse only|Procedural Generation|Puzzle,PASS,PASS,PASS,PASS,PASS,"NOT GATED (scored feature only, see 20_indie_scoring.md)",PENDING_EXTERNAL_CHECK
897450,The Survivalists,Team17,Team17,0.6437,Anchor,0.5901,0.7037,0.6716,8367,0.7685,Mostly Positive,"200,000 .. 500,000",350000.0,24.99,69,True,True,True,True,True,2020,Action|Adventure|Casual|Indie,2D|Action|Adventure|Base Building|Casual|Character Customization|Co-op|Crafting|Exploration|Hunting|Multiplayer|Online Co-Op|Open World|Open World Survival Craft|Pixel Graphics,PASS,PASS,PASS,PASS,PASS,"NOT GATED (scored feature only, see 20_indie_scoring.md)",PENDING_EXTERNAL_CHECK
1066890,Automobilista 2,Reiza Studios,Reiza Studios,0.6427,Depth,0.6568,0.7407,0.1802,9112,0.9214,Very Positive,"200,000 .. 500,000",350000.0,39.99,,True,True,True,False,True,2020,Action|Indie|Racing|Simulation|Sports,Action|Automobile Sim|Driving|Indie|Multiplayer|Racing|Realistic|Simulation|Sports|VR,PASS,PASS,PASS,PASS,PASS,"NOT GATED (scored feature only, see 20_indie_scoring.md)",PENDING_EXTERNAL_CHECK
2181930,DR LIVESEY ROM AND DEATH EDITION,Agafonoff,Agafonoff,0.6425,Anchor,0.8296,0.5235,0.1827,13045,0.9474,Very Positive,"500,000 .. 1,000,000",750000.0,0.99,,False,True,True,False,False,2023,Action|Adventure|Indie|RPG|Simulation,2D|Action|Adventure|Atmospheric|Beat 'em up|Cartoon|Combat|Comedy|Dark|Difficult|Dungeon Crawler|Hand-drawn|Looter Shooter|Procedural Generation|RPG,PASS,PASS,PASS,PASS,PASS,"NOT GATED (scored feature only, see 20_indie_scoring.md)",PENDING_EXTERNAL_CHECK
1061090,Jump King,Nexile,Nexile,0.6417,Anchor,0.7877,0.3951,0.8988,11450,0.9017,Very Positive,"500,000 .. 1,000,000",750000.0,12.99,,True,True,True,False,False,2019,Action|Adventure|Indie,2D|Action|Adventure|Atmospheric|Dark Humor|Difficult|Fantasy|Funny|Horror|Indie|Medieval|Philosophical|Pixel Graphics|Platformer|Precision Platformer,PASS,PASS,PASS,PASS,PASS,"NOT GATED (scored feature only, see 20_indie_scoring.md)",PENDING_EXTERNAL_CHECK
1182620,Impostor Factory,Freebird Games,Freebird Games,0.637,Anchor,0.7728,0.3778,0.9951,11116,0.9591,Overwhelmingly Positive,"500,000 .. 1,000,000",750000.0,9.99,80,True,True,True,False,False,2021,Adventure|Casual|Indie|RPG,2D|Adventure|Atmospheric|Comedy|Cute|Emotional|Funny|Interactive Fiction|JRPG|Linear|Lovecraftian|Mystery|Narrative|Pixel Graphics|Psychological Horror,PASS,PASS,PASS,PASS,PASS,"NOT GATED (scored feature only, see 20_indie_scoring.md)",PENDING_EXTERNAL_CHECK
937170,Otaku's Adventure,Spacelight Studio,Spacelight Studio,0.6346,Low-cost option,0.563,0.6691,0.8543,8059,0.9484,Very Positive,"200,000 .. 500,000",350000.0,6.99,,False,True,True,False,False,2019,Adventure|Indie|RPG,Adventure|Anime|Choices Matter|Comedy|Cute|Dating Sim|Female Protagonist|Funny|Indie|Interactive Fiction|Mouse only|Multiple Endings|Point & Click|Puzzle|RPG,PASS,PASS,PASS,PASS,PASS,"NOT GATED (scored feature only, see 20_indie_scoring.md)",PENDING_EXTERNAL_CHECK
388880,Oxenfree,Night School Studio,Night School Studio,0.6311,Anchor,0.7901,0.3975,0.7704,11488,0.919,Very Positive,"500,000 .. 1,000,000",750000.0,9.99,80,True,True,True,False,False,2016,Adventure|Indie,2.5D|2D|Adventure|Atmospheric|Choices Matter|Female Protagonist|Great Soundtrack|Horror|Indie|Lovecraftian|Multiple Endings|Mystery|Psychological Horror|Short|Side Scroller,PASS,PASS,PASS,PASS,PASS,"NOT GATED (scored feature only, see 20_indie_scoring.md)",PENDING_EXTERNAL_CHECK
445220,Avorion,Boxelware,Boxelware,0.6301,Anchor,0.8321,0.5259,0.037,13068,0.9017,Very Positive,"500,000 .. 1,000,000",750000.0,24.99,,False,True,True,True,True,2020,Action|Indie|Simulation,3D|Action RPG|Building|Choose Your Own Adventure|Economy|Exploration|Flight|Management|Open World|PvE|Sandbox|Sci-fi|Simulation|Space|Space Sim,PASS,PASS,PASS,PASS,PASS,"NOT GATED (scored feature only, see 20_indie_scoring.md)",PENDING_EXTERNAL_CHECK
382310,Eco,Strange Loop Games,Strange Loop Games,0.6291,Anchor,0.8222,0.4938,0.2049,12700,0.8115,Very Positive,"500,000 .. 1,000,000",750000.0,29.99,,False,True,True,True,True,2018,Early Access|Indie|Simulation,Base Building|Building|Crafting|Early Access|Economy|Education|Immersive Sim|Multiplayer|Nature|Open World|Open World Survival Craft|Political Sim|Resource Management|Sandbox|Science,PASS,PASS,PASS,PASS,PASS,"NOT GATED (scored feature only, see 20_indie_scoring.md)",PENDING_EXTERNAL_CHECK
1606180,下一站江湖Ⅱ,白玉京工作室,白玉京工作室,0.6281,Depth,0.4296,0.9358,0.3901,6470,0.7325,Mostly Positive,"100,000 .. 200,000",150000.0,24.99,,True,True,True,False,False,2024,Action|Adventure|Indie|RPG,3D|3D Platformer|Action|Action RPG|Action RTS|Adventure|Alternate History|Combat|Exploration|Indie|Martial Arts|Multiple Endings|Open World|RPG|Sandbox,PASS,PASS,PASS,PASS,PASS,"NOT GATED (scored feature only, see 20_indie_scoring.md)",PENDING_EXTERNAL_CHECK
2113850,Spirit City: Lofi Sessions,Mooncube Games,Mooncube Games,0.6268,Depth,0.4259,0.9309,0.4148,6439,0.9728,Overwhelmingly Positive,"100,000 .. 200,000",150000.0,11.99,80,False,True,True,False,False,2024,Casual|Indie|Simulation,Ambient|Anime|Atmospheric|Casual|Character Customization|Colorful|Cozy|Creature Collector|Cute|Design & Illustration|Family Friendly|Idler|Immersive|Life Sim|Music,PASS,PASS,PASS,PASS,PASS,"NOT GATED (scored feature only, see 20_indie_scoring.md)",PENDING_EXTERNAL_CHECK
269770,Secrets of Grindea,Pixel Ferrets,Pixel Ferrets,0.6249,Depth,0.5358,0.6543,0.9531,7755,0.8917,Very Positive,"200,000 .. 500,000",350000.0,14.99,,True,True,True,True,True,2024,Action|Adventure|Indie|RPG,2D|Action|Action RPG|Action-Adventure|Adventure|Anime|Character Customization|Co-op Campaign|Cute|Fantasy|Funny|Hack and Slash|Indie|JRPG|Multiplayer,PASS,PASS,PASS,PASS,PASS,"NOT GATED (scored feature only, see 20_indie_scoring.md)",PENDING_EXTERNAL_CHECK
1016800,Chernobylite Complete Edition,The Farm 51,The Farm 51,0.6232,Anchor,0.8247,0.516,0.0444,12898,0.8273,Very Positive,"500,000 .. 1,000,000",750000.0,29.99,75,True,True,True,False,False,2021,Action|Adventure|Indie|RPG|Simulation,Action-Adventure|Adventure|Atmospheric|Base Building|Crafting|Exploration|First-Person|Horror|Indie|Nonlinear|Post-apocalyptic|RPG|Realistic|Sci-fi|Simulation,PASS,PASS,PASS,PASS,PASS,"NOT GATED (scored feature only, see 20_indie_scoring.md)",PENDING_EXTERNAL_CHECK
1070580,Drift86,RewindApp,RewindApp,0.622,Low-cost option,0.3506,0.9136,0.8123,5926,0.9141,Very Positive,"100,000 .. 200,000",150000.0,1.99,,True,True,True,False,True,2019,Casual|Indie|Racing,Action|Arcade|Automobile Sim|Casual|Colorful|Controller|Family Friendly|Great Soundtrack|Indie|Local Multiplayer|Multiplayer|Racing|Relaxing|Retro|Runner,PASS,PASS,PASS,PASS,PASS,"NOT GATED (scored feature only, see 20_indie_scoring.md)",PENDING_EXTERNAL_CHECK
990630,The Last Campfire,Hello Games,Hello Games,0.622,Anchor,0.7704,0.3704,0.8864,11065,0.9763,Overwhelmingly Positive,"500,000 .. 1,000,000",750000.0,1.49,80,True,True,True,False,False,2021,Adventure|Indie,3D|3D Platformer|Adventure|Atmospheric|Controller|Cute|Dark|Dark Fantasy|Emotional|Family Friendly|Fantasy|Indie|Narration|Philosophical|Puzzle,PASS,PASS,PASS,PASS,PASS,"NOT GATED (scored feature only, see 20_indie_scoring.md)",PENDING_EXTERNAL_CHECK
1458100,Cozy Grove,Spry Fox LLC,Spry Fox LLC,0.6217,Depth,0.5259,0.6494,0.9901,7632,0.9017,Very Positive,"200,000 .. 500,000",350000.0,14.99,,True,True,True,False,False,2021,Casual|Indie,2D|Atmospheric|Cartoony|Casual|Character Customization|Collectathon|Colorful|Cozy|Crafting|Cute|Funny|Hidden Object|Indie|Life Sim|Management,PASS,PASS,PASS,PASS,PASS,"NOT GATED (scored feature only, see 20_indie_scoring.md)",PENDING_EXTERNAL_CHECK
1272320,Diplomacy is Not an Option,Door 407,Door 407,0.62,Depth,0.4568,0.9407,0.1531,6735,0.8426,Very Positive,"100,000 .. 200,000",150000.0,29.99,,False,True,True,False,False,2024,Indie|Simulation|Strategy,3D|Action RTS|Base Building|Building|City Builder|Colony Sim|Difficult|Management|Medieval|Minimalist|Procedural Generation|RTS|Real-Time with Pause|Resource Management|Sandbox,PASS,PASS,PASS,PASS,PASS,"NOT GATED (scored feature only, see 20_indie_scoring.md)",PENDING_EXTERNAL_CHECK
362620,Software Inc.,Coredumping,Coredumping,0.6195,Depth,0.4667,0.9457,0.079,6904,0.9437,Very Positive,"100,000 .. 200,000",150000.0,22.99,,False,True,True,True,True,2015,Early Access|Indie|Simulation|Strategy,3D|Automation|Building|Capitalism|Character Customization|Co-op|Early Access|Economy|Game Development|Indie|Management|Moddable|Multiplayer|Online Co-Op|Programming,PASS,PASS,PASS,PASS,PASS,"NOT GATED (scored feature only, see 20_indie_scoring.md)",PENDING_EXTERNAL_CHECK
253030,Race The Sun,Flippfly LLC,Flippfly LLC,0.6174,Low-cost option,0.4086,0.9235,0.437,6283,0.9367,Very Positive,"100,000 .. 200,000",150000.0,9.99,79,True,True,True,False,False,2013,Action|Indie|Racing,3D|Action|Arcade|Atmospheric|Difficult|Driving|First-Person|Level Editor|Noir|Perma Death|Post-apocalyptic|Procedural Generation|Racing|Relaxing|Runner,PASS,PASS,PASS,PASS,PASS,"NOT GATED (scored feature only, see 20_indie_scoring.md)",PENDING_EXTERNAL_CHECK
2198150,Tiny Glade,Pounce Light,Pounce Light,0.617,Depth,0.6074,0.716,0.2691,8626,0.9716,Overwhelmingly Positive,"200,000 .. 500,000",350000.0,14.99,,False,True,True,False,False,,Casual|Indie|Simulation,Atmospheric|Building|Casual|Colorful|Cozy|Cute|Design & Illustration|Experimental|Family Friendly|First-Person|Indie|Medieval|Nature|Procedural Generation|Relaxing,PASS,PASS,PASS,PASS,PASS,"NOT GATED (scored feature only, see 20_indie_scoring.md)",PENDING_EXTERNAL_CHECK
979110,Space Haven,Bugbyte Ltd.,Bugbyte Ltd.,0.6156,Depth,0.5926,0.7062,0.3679,8440,0.8654,Very Positive,"200,000 .. 500,000",350000.0,22.99,,True,True,True,False,False,2020,Early Access|Indie|RPG|Simulation|Strategy,Base Building|Building|City Builder|Colony Sim|Crafting|Early Access|Exploration|Indie|Management|Open World|Pixel Graphics|Resource Management|Sandbox|Sci-fi|Simulation,PASS,PASS,PASS,PASS,PASS,"NOT GATED (scored feature only, see 20_indie_scoring.md)",PENDING_EXTERNAL_CHECK
293760,Automation - The Car Company Tycoon Game,Camshaft Software Ltd,Camshaft Software Ltd,0.6148,Anchor,0.8173,0.484,0.1259,12588,0.9294,Very Positive,"500,000 .. 1,000,000",750000.0,29.99,,False,True,True,False,False,2015,Early Access|Indie|Racing|Simulation|Strategy,Automation|Automobile Sim|Building|Crafting|Early Access|Economy|Education|Immersive Sim|Indie|Management|Moddable|Physics|Racing|Realistic|Replay Value,PASS,PASS,PASS,PASS,PASS,"NOT GATED (scored feature only, see 20_indie_scoring.md)",PENDING_EXTERNAL_CHECK
418340,RWBY: Grimm Eclipse,Rooster Teeth Games,Rooster Teeth Games,0.6148,Anchor,0.7926,0.4025,0.5753,11555,0.8087,Very Positive,"500,000 .. 1,000,000",750000.0,19.99,,True,True,True,True,True,2016,Action|Adventure|Indie,Action|Action RPG|Adventure|Anime|Beat 'em up|Co-op|Cute|Early Access|Fantasy|Female Protagonist|Fighting|Great Soundtrack|Hack and Slash|Indie|Multiplayer,PASS,PASS,PASS,PASS,PASS,"NOT GATED (scored feature only, see 20_indie_scoring.md)",PENDING_EXTERNAL_CHECK
1190970,House Flipper 2,Frozen District,Frozen District,0.6121,Anchor,0.5951,0.7086,0.3111,8441,0.8097,Very Positive,"200,000 .. 500,000",350000.0,39.99,79,True,True,True,False,False,2023,Casual|Indie|Simulation,3D|Base Building|Building|Casual|Colorful|Design & Illustration|Destruction|Economy|Education|Family Friendly|First-Person|Immersive Sim|Indie|Management|Realistic,PASS,PASS,PASS,PASS,PASS,"NOT GATED (scored feature only, see 20_indie_scoring.md)",PENDING_EXTERNAL_CHECK
539470,Police Stories,HypeTrain Digital,HypeTrain Digital,0.6119,Anchor,0.5753,0.684,0.5062,8149,0.8525,Very Positive,"200,000 .. 500,000",350000.0,19.99,75,True,True,True,True,True,2019,Action|Indie|Simulation|Strategy,2D|Action|Atmospheric|Co-op|Crime|Difficult|Gore|Indie|Multiplayer|Online Co-Op|Pixel Graphics|Realistic|Shooter|Simulation|Singleplayer,PASS,PASS,PASS,PASS,PASS,"NOT GATED (scored feature only, see 20_indie_scoring.md)",PENDING_EXTERNAL_CHECK
